coche,edad,genero,cating,ed,ecivil
36.2,55,m,3,1,1
76.9,56,h,4,1,0
13.7,28,m,2,3,1
12.5,24,h,2,4,1
11.3,25,h,1,2,0
28.2,35,m,3,2,0
12.2,46,m,1,1,0
46.1,34,h,4,3,1
35.5,55,m,3,3,1
78.9,52,h,4,4,1
13.7,32,m,2,1,0
54.7,42,m,4,3,0
58.3,40,m,4,2,1
11.8,30,h,1,1,0
9.5,48,h,1,3,0
16.6,42,m,2,2,1
57.4,45,m,4,1,1
23,51,h,2,1,1
74.9,52,h,4,1,0
19.9,53,h,2,1,1
28.4,25,m,3,3,1
45.5,57,m,4,2,1
81.7,56,m,4,4,0
28.6,41,h,3,3,0
17.4,24,h,2,4,0
11,21,m,1,3,0
19.4,33,m,2,2,1
51.2,54,h,4,1,1
33.5,25,m,3,4,0
10.1,65,h,1,2,1
15.6,28,h,2,3,1
66.6,46,h,4,5,1
54.6,43,m,4,2,1
11.3,37,h,1,3,0
15.9,59,h,2,2,1
31.5,55,m,3,4,0
35.1,40,h,3,3,0
9.7,30,m,1,3,1
17.2,55,m,2,4,0
25.2,48,m,3,2,1
44.7,49,m,4,2,1
64.9,56,m,4,1,0
14.5,37,h,2,5,0
15.5,66,m,2,1,1
11.3,61,h,1,2,1
76.8,59,m,4,2,1
13.8,25,m,2,2,1
73,63,h,4,1,1
17.5,20,h,2,3,0
11.9,24,h,1,4,0
11.5,22,m,1,4,0
29.2,50,h,3,1,1
25.4,42,m,3,4,0
72.7,48,m,4,2,0
34.3,41,m,3,4,0
11.5,25,h,1,4,0
70.9,53,h,4,2,0
16.8,32,m,2,2,1
19.2,44,m,2,1,1
20.6,39,m,2,4,0
22.3,39,m,2,1,1
28.4,25,m,3,4,0
28.7,29,h,3,2,1
11.8,23,h,1,4,0
22.7,48,h,2,1,0
10.6,24,h,1,2,0
10.3,70,m,1,2,0
24.7,37,h,3,4,0
21,59,m,2,3,1
18.1,56,h,2,3,0
11.4,48,m,1,1,1
7.9,28,h,1,4,1
10.7,68,h,1,2,0
18.6,26,h,2,4,0
6.4,23,h,1,2,1
20.2,61,h,2,3,0
25.6,39,m,2,1,0
88.9,47,m,4,4,1
35.4,32,h,3,4,1
19.9,66,m,2,2,1
19.6,34,h,2,3,1
17.3,33,h,2,4,1
42.7,46,m,4,2,1
30.4,29,m,3,4,0
14.3,39,m,2,1,1
22.2,58,h,2,2,1
18.2,41,h,2,3,0
11.9,44,m,2,1,0
40.3,60,m,4,1,1
12.7,32,m,2,4,0
15,37,m,2,2,0
83.1,63,m,4,2,1
34.8,66,m,3,2,1
9.4,26,h,1,1,0
12.4,41,m,2,2,0
7.6,26,h,1,1,1
11.2,31,m,1,1,0
18.3,34,h,2,4,1
15.7,35,m,2,2,0
14.6,25,h,2,3,0
51.2,59,m,4,2,1
25.4,37,m,3,2,1
14,43,h,2,1,0
19,35,m,2,2,0
15.7,22,h,2,1,0
80.5,55,h,4,4,0
5.6,63,h,1,1,0
31.7,40,h,3,3,1
29.4,29,h,3,1,0
25.6,32,m,3,1,1
13.9,42,m,2,3,0
73.6,54,h,4,4,0
15.9,37,m,2,1,1
73.5,57,m,4,4,1
5.5,70,h,1,2,1
6.9,23,m,1,4,1
98.2,55,m,4,3,0
20.1,38,h,2,2,0
13.1,27,h,2,3,1
11.1,45,m,1,3,1
67.9,41,m,4,2,1
6.6,18,h,1,2,0
23.1,45,h,2,4,1
19.8,34,m,2,5,1
53.5,38,m,4,3,1
7.9,19,m,1,2,1
11.9,28,m,1,1,0
15.7,41,h,2,2,1
23.9,54,m,2,4,0
58.9,47,h,4,4,1
70.9,61,m,4,4,0
6.5,66,h,1,1,1
16.6,55,m,2,1,0
13.3,36,h,2,3,1
14.5,38,h,2,4,0
44.3,44,m,4,3,1
38.7,52,m,4,1,1
58.7,61,h,4,2,0
63.2,66,h,4,1,0
15.2,31,m,2,2,0
29.4,36,h,3,4,1
43,51,h,4,2,0
18.3,47,m,2,1,0
15.4,31,m,2,3,1
22.1,34,m,2,4,0
60.2,63,m,4,1,0
15.4,37,m,2,3,1
56,36,h,4,4,1
21.6,42,h,2,4,0
12,33,m,1,4,0
96.3,45,m,4,3,0
13.8,37,m,2,3,0
7.4,19,h,1,2,0
33.1,55,h,3,2,0
5.2,61,m,1,3,0
9.6,25,m,1,1,1
58.6,35,h,4,5,0
26.4,37,h,3,5,0
37.1,38,m,4,3,0
24,40,h,3,4,1
11,34,m,1,3,0
12.3,23,h,2,3,1
30.1,54,m,3,1,1
76.2,54,m,4,3,0
12.9,26,m,2,5,1
27.5,35,h,3,3,0
78,50,h,4,5,1
83.2,55,h,4,5,0
12.8,32,h,2,2,1
23.4,52,h,2,2,0
77.8,49,h,4,3,0
19.4,48,h,2,1,0
10.5,23,m,1,4,0
37.1,52,m,3,1,1
25.9,49,h,3,1,0
32.4,25,m,3,3,0
13.5,35,m,2,2,1
15.2,36,m,2,1,1
18.3,50,h,2,1,1
10.5,33,h,1,1,1
73.9,51,h,4,1,0
14,27,h,2,3,0
18.9,32,h,2,4,0
15.3,44,h,2,1,1
16.2,20,m,2,3,1
39.6,49,h,4,1,0
50,34,m,4,4,0
24.7,31,m,3,2,0
73.6,39,m,4,4,1
20.8,33,h,2,4,1
35.2,54,m,3,1,1
14.3,29,m,2,4,1
7.2,24,h,1,1,0
76.1,49,m,4,2,1
7.1,19,m,1,1,1
17.7,49,m,2,1,0
24.8,40,h,3,4,0
63.8,36,m,4,3,1
22.8,46,h,2,4,0
12.6,24,m,2,3,1
8.4,58,h,1,5,0
15.4,37,m,2,5,0
5.3,73,h,1,1,0
13.3,44,m,2,2,0
34.7,66,m,3,2,0
34.6,50,m,3,2,0
12.6,30,h,2,4,0
74.2,71,h,4,4,0
57.1,46,h,4,4,0
14.8,61,m,2,2,0
13.8,48,m,2,1,1
77.6,55,m,4,4,1
72.7,51,h,4,2,0
42.1,50,h,4,3,1
24.4,44,m,2,1,1
12.5,38,h,2,2,0
73.7,48,m,4,4,0
17.7,46,h,2,1,1
26.1,51,h,3,3,0
10.7,22,m,1,4,1
8.5,72,h,1,1,0
14.2,40,h,2,3,1
75.7,41,m,4,1,1
48.6,48,m,4,4,0
19.7,44,m,2,3,1
79.6,57,m,4,3,0
22.1,31,h,2,3,1
77.5,54,h,4,4,0
50.4,49,m,4,3,0
60.1,54,h,4,1,1
16.3,36,m,2,3,1
14.5,29,m,2,1,1
48.7,44,h,4,1,0
75.8,56,m,4,1,0
42.2,40,h,4,4,0
8.1,59,h,1,2,1
5,58,h,1,2,0
38.1,37,m,4,5,1
60.8,52,m,4,2,0
10.8,25,m,1,1,0
75.2,35,h,4,4,0
46.3,28,m,4,5,1
5,67,h,1,1,1
29.3,60,h,3,2,1
98.6,41,h,4,4,0
31.6,62,h,3,4,1
13.9,37,m,2,1,0
24.1,37,m,2,4,0
34.5,41,m,3,3,0
4.6,70,h,1,2,0
19.6,37,m,2,1,1
7.4,64,m,1,2,1
14.3,29,h,2,3,1
38.5,51,m,4,3,1
17.4,35,m,2,2,0
14.9,29,h,2,3,0
57.2,60,h,4,4,1
9.1,20,h,1,3,0
16.5,53,m,2,3,1
23.9,35,h,2,3,0
43.3,49,m,4,2,1
49.4,43,m,4,4,0
21,28,m,2,4,1
12.9,25,m,2,4,1
37.6,46,m,4,3,0
21.2,42,h,2,1,1
43.8,55,h,4,4,0
45,63,m,4,2,1
27,43,h,3,2,1
14.1,41,m,2,1,0
17,34,h,2,3,1
8,19,m,1,2,0
12.8,27,h,2,1,0
21.9,38,h,2,3,0
19.1,59,h,2,3,0
20.3,36,h,2,2,1
11.9,24,h,1,3,1
18.7,30,h,2,1,0
80.2,59,h,4,3,1
43.5,38,h,4,3,1
23.4,36,h,2,4,0
20.4,39,m,2,3,1
16.9,26,h,2,3,1
25.4,42,h,3,3,1
60.8,33,h,4,4,0
16.4,42,m,2,3,0
17.5,47,h,2,2,1
13.6,25,m,2,2,1
10.1,30,h,1,5,0
18,23,h,2,4,1
6.4,23,h,1,3,0
9.5,47,m,1,1,0
18.5,20,m,2,3,1
7.2,19,h,1,1,1
46.1,25,m,4,4,0
15.6,39,h,2,4,0
15.4,37,h,2,1,0
12.2,44,h,1,5,1
37,43,m,3,3,0
7.9,45,h,1,1,0
32,34,h,3,2,0
59.7,47,m,4,2,0
32.6,49,m,3,4,1
30.5,40,m,3,1,0
18.5,36,h,2,3,0
17.5,22,m,2,4,1
7.4,28,h,1,3,1
22.1,44,h,2,2,0
19.4,30,h,2,4,1
22.2,30,h,2,4,0
30.7,34,m,3,2,0
61.9,58,m,4,1,1
53.9,60,h,4,1,1
53.1,64,m,4,2,0
25.4,43,h,3,4,1
17.1,19,h,2,2,0
14.7,37,m,2,3,1
12.9,57,h,2,1,1
10.7,57,h,1,1,1
9,23,h,1,1,1
24.6,39,m,3,2,0
25.9,34,m,3,4,1
87.5,46,m,4,1,0
16.1,37,m,2,1,0
46.4,63,h,4,2,1
14.1,32,h,2,1,1
85.3,49,h,4,2,0
13,22,m,2,3,0
38.9,53,h,4,1,1
9,43,m,1,4,0
15.4,40,h,2,1,1
18.7,34,m,2,4,1
28.8,46,h,3,2,1
16.3,31,h,2,2,0
23.5,49,m,2,2,1
21.4,28,h,2,1,1
31.8,30,h,3,4,0
9.5,26,h,1,4,1
22.5,32,m,2,1,0
35.2,38,m,3,5,0
13.8,28,h,2,4,1
39.5,33,m,4,3,0
15,37,m,2,3,0
12.7,39,h,2,1,1
13.3,31,m,2,2,1
32.1,50,h,3,4,1
11.5,29,h,1,4,1
12.9,53,m,2,2,1
16,71,m,2,1,1
46.8,36,h,4,4,0
37.5,48,h,4,2,1
16.8,59,m,2,1,0
18.2,32,h,2,2,0
13.3,27,m,2,4,1
16.5,49,h,2,1,0
50.4,53,h,4,1,0
14.2,41,h,2,2,0
13.1,28,m,2,1,0
54.8,44,h,4,3,0
15.2,42,h,2,3,1
12,28,m,1,2,0
45.3,55,m,4,2,1
41.7,47,h,4,1,1
21.2,60,m,2,1,0
24.5,38,m,3,2,1
5.8,75,m,1,1,0
88.6,54,m,4,2,0
33.4,41,m,3,2,0
86.2,45,h,4,3,0
10.2,42,m,1,4,0
29.6,22,m,3,4,1
12.5,29,m,2,2,1
21.6,43,m,2,5,0
14,31,h,2,3,1
20.8,28,m,2,5,0
23.9,28,m,2,5,1
37.9,52,m,4,1,0
25.7,36,m,3,2,0
15.1,20,h,2,3,1
15.2,31,m,2,2,1
9,21,m,1,3,1
57.5,40,h,4,3,0
28.6,47,h,3,3,1
76.3,65,m,4,1,1
15.1,26,h,2,1,1
45.8,42,h,4,1,1
18.4,59,h,2,1,1
75.8,57,h,4,2,1
12.1,40,m,2,2,0
18.5,32,m,2,4,1
75.5,48,h,4,1,0
19.5,52,h,2,2,0
26.6,56,h,3,3,0
13.7,19,h,2,2,0
20.6,51,h,2,4,0
11.8,42,m,1,2,0
62.7,48,m,4,2,0
48.3,51,h,4,2,0
15.1,29,h,2,2,0
54.6,46,h,4,1,1
39.6,58,m,4,2,1
17.9,32,h,2,5,1
8.8,39,h,1,2,1
9,32,h,1,2,1
13,37,h,2,3,0
22.7,35,m,2,1,0
51.4,63,h,4,3,0
18.9,34,h,2,1,0
49.6,49,m,4,1,0
94.8,53,m,4,1,0
86.4,55,h,4,3,1
79,47,h,4,2,1
14.7,26,m,2,4,1
69.1,57,m,4,3,1
87.6,54,h,4,1,1
69.1,62,m,4,3,0
13.1,56,h,2,4,1
7.4,26,m,1,1,1
34.2,40,m,3,1,1
23.2,34,h,2,2,1
37.3,36,m,3,4,1
61.9,42,h,4,3,0
17.7,41,h,2,1,0
12.8,21,m,2,3,1
21.6,31,m,2,2,1
9.1,31,m,1,1,0
8.9,26,h,1,4,1
14.5,51,m,2,2,1
17.3,52,m,2,2,1
13.6,28,h,2,2,0
25.5,54,h,3,3,0
51.6,43,h,4,1,1
14,30,m,2,4,1
21.8,44,m,2,1,0
19.1,50,m,2,1,0
21.5,43,h,2,3,1
11.6,45,h,1,1,1
12.4,37,m,2,2,0
30.9,56,m,3,1,1
10.7,54,h,1,3,1
43.9,40,h,4,4,1
56,50,h,4,1,0
38.6,44,m,4,2,1
13,30,m,1,5,1
69.8,53,h,4,3,0
20,52,m,2,2,0
16,41,m,2,2,0
8.6,25,h,1,2,0
9.6,21,m,1,3,1
73.9,41,h,4,4,1
14.8,56,h,2,4,1
21.2,50,m,2,3,0
22.4,33,h,2,4,0
36.1,33,m,3,1,1
33.6,38,m,3,4,1
23.3,32,h,2,4,1
4.6,61,h,1,2,0
79.5,56,h,4,2,1
16.2,54,h,2,2,1
27,63,m,3,2,0
71.8,39,m,4,5,1
70,45,h,4,5,0
75,64,m,4,3,1
7.8,24,h,1,4,0
26.9,45,h,3,3,1
10.2,24,h,1,3,0
9.6,29,m,1,3,1
31.4,37,m,3,3,1
44,26,h,4,5,0
55.8,46,m,4,1,1
47.6,49,h,4,4,0
20.9,38,h,2,3,0
80.1,43,m,4,5,0
43.9,38,h,4,2,1
30.6,48,h,3,1,1
28.7,42,m,3,2,0
20.1,25,h,2,3,1
7.5,24,h,1,1,0
34.3,51,h,3,2,0
11.6,49,h,1,2,1
10.3,58,h,1,2,1
21.2,28,m,2,2,1
30.1,42,m,3,2,0
10.9,24,h,1,1,0
10.6,30,h,1,1,1
13.8,37,m,2,4,1
88.2,44,m,4,2,0
25.8,38,m,3,3,0
13.1,49,m,2,5,0
19.5,38,m,2,2,0
19.7,21,h,2,3,0
69.3,46,h,4,3,1
17,51,m,2,1,1
10.1,44,m,1,3,0
30.1,38,h,3,3,0
12.9,30,h,2,2,0
10.8,32,m,1,4,0
68.2,62,h,4,3,0
21.7,37,h,2,4,1
95.8,47,h,4,2,0
6.9,20,h,1,3,0
13.8,25,h,2,4,0
14.6,19,m,2,2,0
41.5,37,m,4,5,0
23.8,29,m,2,2,0
9.5,27,m,1,3,0
19.7,45,h,2,1,0
23.4,42,h,2,2,1
7.2,19,m,1,1,1
69,57,h,4,3,1
18.9,27,m,2,4,1
30.2,51,m,3,5,1
5,65,h,1,1,1
68.2,68,h,4,4,0
29.7,48,m,3,4,1
20.5,25,h,2,1,1
74,63,h,4,1,0
22.9,42,m,2,1,1
47.3,39,m,4,3,0
10.4,21,h,1,2,0
68.1,56,h,4,4,0
67.1,41,h,4,2,1
28.8,56,h,3,3,1
29.4,43,h,3,2,0
21.1,43,m,2,4,1
79,53,m,4,1,1
12.8,34,m,2,5,0
47.9,41,m,4,4,1
34,38,m,3,3,0
6.9,60,h,1,2,1
34.8,55,h,3,2,1
29.1,42,h,3,3,0
16.7,43,m,2,1,0
14.4,27,m,2,4,0
18.2,36,m,2,4,1
7.5,28,h,1,2,1
14.8,21,h,2,3,0
20.5,33,h,2,2,0
24.3,31,h,2,3,1
24.2,20,h,3,3,0
22.8,33,m,2,3,1
8.8,31,h,1,1,1
24.7,34,m,2,2,0
17.4,33,m,2,4,0
21.5,30,m,2,4,0
16.7,29,m,2,4,0
18.8,29,m,2,2,0
28.5,61,m,3,2,0
47.8,45,h,4,2,0
34.4,54,m,3,2,0
82.2,30,h,4,3,0
4.9,67,h,1,2,1
20.3,30,h,2,5,0
7.4,30,h,1,4,1
18.3,24,h,2,3,1
29.5,44,h,3,2,1
83.8,56,h,4,2,1
23.9,32,m,2,3,0
49.4,50,h,4,4,0
69.7,43,m,4,3,0
9.5,19,h,1,2,0
10.8,30,h,1,2,0
32.9,38,h,3,2,1
21.8,45,h,2,2,0
15,28,h,2,2,1
16.8,35,h,2,4,1
80.2,53,h,4,4,0
14.7,44,m,2,4,0
16.5,32,m,2,5,1
18.1,46,h,2,5,0
9.9,25,h,1,2,1
11.4,25,h,1,3,1
12.8,30,m,2,3,1
26.3,40,h,3,1,0
20,46,m,2,2,0
9.5,70,m,1,4,1
17.3,29,m,2,5,0
21.5,52,m,2,5,0
40.6,38,m,4,5,0
29.8,49,m,3,5,0
8.9,25,m,1,2,1
34.2,37,h,3,4,1
50.6,52,m,4,1,1
39.5,43,h,4,3,1
17.2,35,h,2,4,1
14.8,27,m,2,5,1
16.6,60,m,2,2,1
21.2,45,h,2,3,1
48.3,44,h,4,2,0
71,54,m,4,4,0
24,31,m,2,2,0
75,71,h,4,2,1
33.6,40,h,3,1,0
38.4,39,h,4,3,0
12.9,34,h,2,3,0
30.4,57,m,3,1,0
22.7,46,h,2,2,1
34,35,m,3,4,1
26.5,44,h,3,1,0
18.1,37,m,2,4,0
48.2,41,m,4,4,0
33.7,37,h,3,2,0
7.4,66,m,1,2,1
9.6,63,h,1,1,1
32,31,h,3,3,0
12.5,42,h,2,2,1
22.7,63,h,2,3,1
9.5,25,m,1,2,1
70,49,m,4,1,0
23.1,41,m,2,4,0
80.8,71,m,4,2,0
18.4,54,m,2,1,1
48,54,m,4,1,0
73.3,54,h,4,3,1
64.5,52,h,4,2,0
16.3,29,h,2,3,0
62.1,45,h,4,3,0
10.8,24,m,1,3,1
14.8,36,h,2,3,1
20.6,45,m,2,2,0
4.5,70,h,1,5,1
15.1,53,m,2,1,0
50.5,55,h,4,3,1
16.3,29,h,2,2,0
17.2,59,h,2,1,0
8.8,30,h,1,4,0
13,40,m,2,3,1
19.5,26,h,2,4,0
19.1,40,h,2,3,0
17.9,39,h,2,1,1
99.7,57,h,4,2,0
38.2,61,h,4,1,1
10.6,36,m,1,1,1
12.7,24,m,2,1,0
13.8,32,h,2,4,0
16.6,45,m,2,2,1
74.6,57,h,4,1,0
24.3,37,h,2,4,1
25.6,57,h,3,3,1
62.6,67,m,4,4,1
16,58,h,2,1,1
15.6,32,m,2,1,1
10.6,27,h,1,1,0
13.8,31,h,2,2,0
92.4,41,m,4,3,0
18.4,35,h,2,2,1
6.8,18,h,1,2,1
28.5,37,m,3,3,1
16,34,m,2,2,1
99.9,51,h,4,2,1
24.4,33,m,3,3,1
76.5,60,h,4,4,1
25.9,36,m,3,2,1
24,48,h,2,4,0
15.3,37,h,2,1,1
19.6,55,m,2,2,1
20.7,23,m,2,4,1
22.1,54,m,2,1,1
22.1,25,h,2,2,0
30.9,53,h,3,3,1
21.9,33,m,2,2,1
8.2,22,m,1,1,0
55.7,36,h,4,3,1
78.6,49,h,4,3,1
8.7,18,m,1,2,1
19.4,54,h,2,2,0
30.9,29,h,3,2,0
9.9,29,m,1,3,1
9.8,33,h,1,4,1
14.2,21,m,2,3,0
12.6,49,m,2,1,0
10.9,31,m,1,2,1
26.6,51,h,3,1,0
58.4,54,h,4,2,1
36.8,55,h,3,1,1
21.3,35,m,2,3,1
9.1,29,h,1,2,0
8.5,54,h,1,3,0
20.7,62,h,2,5,0
58.1,41,m,4,2,1
15.4,58,h,2,1,0
16.4,35,m,2,5,0
11.1,50,h,1,2,1
6.6,61,m,1,4,1
35.1,46,h,3,3,0
14.9,53,h,2,3,1
17.6,44,h,2,2,0
14.9,45,m,2,2,0
9,63,h,1,2,1
22.3,41,h,2,4,0
21.8,43,h,2,4,1
33.7,28,m,3,5,1
18.2,28,h,2,1,1
4.3,65,h,1,1,1
23.4,30,h,2,4,0
27.7,43,h,3,4,0
25.2,32,h,3,4,0
28.5,53,m,3,1,0
18.6,45,h,2,1,0
21.4,48,h,2,4,1
11.6,36,h,1,1,1
9.1,21,h,1,2,1
8.8,43,m,1,1,1
28.5,37,h,3,5,0
55.5,58,m,4,1,1
72,49,h,4,3,0
13,32,m,2,2,0
20,28,h,2,5,0
17.4,43,m,2,4,0
23.9,51,m,2,1,0
51.1,40,m,4,4,0
15.2,36,m,2,5,1
64.1,50,h,4,4,1
31,38,h,3,1,0
12,31,m,2,2,1
7.9,40,h,1,1,0
35.5,35,h,3,3,0
7.8,72,m,1,2,0
14.4,28,h,2,3,1
77.3,63,h,4,4,1
9.9,48,h,1,1,1
64.6,51,m,4,2,0
27.1,36,m,3,4,0
46.3,38,m,4,4,0
48.1,44,h,4,2,1
41.5,60,m,4,1,0
53.5,41,h,4,1,0
19.5,35,m,2,3,1
10.8,30,m,1,3,1
23.6,51,h,2,3,0
16.4,25,h,2,3,1
9.5,23,h,1,2,0
10.8,24,m,1,2,1
10.3,54,h,1,3,0
32,40,m,3,4,1
43.3,39,h,4,2,0
12.8,25,h,2,2,0
20.7,25,h,2,4,1
29.7,30,m,3,2,1
29.5,39,h,3,3,0
24.4,52,h,3,2,1
19,42,m,2,1,0
59.7,43,m,4,3,0
27.1,49,m,3,2,1
12.8,58,h,2,1,1
22.5,50,m,2,1,0
8.4,20,m,1,3,1
27.2,41,h,3,1,1
13.8,44,h,2,1,1
94,65,m,4,2,0
15,45,m,2,1,0
48.6,70,m,4,3,1
27.8,38,h,3,2,0
40.3,34,h,4,4,0
19.8,62,h,2,2,1
21.7,37,m,2,3,0
9.5,23,h,1,1,1
19.1,35,m,2,2,0
4.7,56,h,1,2,1
21.3,64,m,2,3,1
14.5,30,m,2,3,1
20.2,59,h,2,4,0
17.9,29,m,2,4,1
31.4,51,m,3,1,1
20.2,54,m,2,2,0
25.4,57,h,2,2,0
13.4,40,m,2,1,0
17.3,33,m,2,2,1
6.8,20,h,1,3,1
10,19,h,1,2,1
22.9,36,m,2,3,1
19.6,56,h,2,2,1
18.9,38,h,2,3,0
64.1,42,h,4,1,1
21.4,34,h,2,4,0
19.9,38,m,2,2,0
32.5,42,h,3,1,0
13.9,31,h,2,4,0
26.1,53,m,3,1,0
81.5,41,m,4,2,1
22,31,h,2,2,1
19.9,34,m,2,4,1
82.4,66,m,4,2,0
17.5,60,h,2,5,1
43,39,m,4,2,0
19.1,36,h,2,2,0
10.2,26,m,1,4,0
24.1,40,h,2,2,1
5.1,64,h,1,4,1
56.6,52,h,4,3,1
47.3,49,h,4,5,1
11,20,m,1,2,1
47.3,56,h,4,4,1
39.2,47,h,4,2,0
38.2,39,m,4,2,1
43.1,51,m,4,2,1
13.8,28,m,2,1,0
8,32,h,1,1,0
15.5,63,h,2,4,0
77.2,56,m,4,2,1
62.1,51,m,4,2,0
43.5,40,h,4,3,1
17.8,35,m,2,4,1
84.4,56,h,4,5,0
56.7,57,h,4,1,1
90,61,h,4,1,0
13.9,47,m,2,2,0
23.6,47,m,2,3,1
45.6,46,m,4,4,0
69.8,54,m,4,2,1
30,25,h,3,3,0
27,47,m,3,4,0
18.6,37,m,2,2,1
43.2,50,m,4,4,0
31.9,39,h,3,2,1
14.9,29,h,2,4,0
73.8,53,m,4,2,1
21.3,27,m,2,2,1
23.7,52,m,2,1,0
22.1,33,m,2,4,0
82.3,67,h,4,1,1
34.3,60,m,3,3,0
10.2,32,h,1,1,0
53.5,56,m,4,2,0
15.3,48,h,2,3,1
48.6,43,m,4,1,1
78.3,46,m,4,3,0
32.4,38,m,3,4,1
12.1,23,h,1,2,1
15.9,33,h,2,1,0
15.5,29,m,2,4,0
9,58,m,1,4,0
16.8,47,m,2,1,0
15,21,m,2,3,0
12,36,h,1,3,1
56.7,56,h,4,2,1
11.5,26,h,1,4,1
67.2,63,h,4,1,0
13.7,55,h,2,3,1
10.4,29,h,1,2,1
6.5,71,h,1,1,0
22.4,39,h,2,3,0
15.7,39,m,2,2,1
41.6,50,m,4,4,0
8.9,34,m,1,2,1
8.4,24,m,1,4,1
15.1,32,m,2,2,1
18.8,50,m,2,5,1
7.9,72,h,1,2,0
23,31,m,2,5,0
48.5,38,m,4,2,1
15.1,29,m,2,4,1
24.7,20,m,2,3,1
30.7,35,h,3,2,0
20.5,62,m,2,3,0
54.3,45,h,4,3,0
18.8,32,m,2,2,0
37.6,39,h,3,3,1
32.6,41,h,3,3,0
78.1,53,m,4,3,1
25,53,h,2,1,1
19.1,24,m,2,4,0
56.1,45,m,4,2,1
31.8,35,h,3,4,0
29.9,47,h,3,1,1
12.5,28,h,2,3,1
20,41,m,2,2,0
57.4,54,h,4,2,0
34.7,42,h,3,2,0
18.5,37,m,2,2,1
13.8,33,h,2,4,1
12.8,26,m,2,2,1
24.8,38,m,2,4,0
9,62,h,1,2,0
11.5,66,h,1,1,0
28,33,h,3,2,0
51.7,50,h,4,1,0
28,38,m,3,4,0
76,66,m,4,4,1
21.2,49,h,2,2,0
7.5,73,h,1,5,1
18.9,19,m,2,2,1
81.3,43,h,4,4,1
19.7,30,m,2,1,1
45.6,38,h,4,4,1
50.8,43,h,4,4,1
24.2,34,h,2,1,0
41.5,50,m,4,1,0
66,54,m,4,3,1
28.3,55,h,3,2,0
11.7,28,h,1,4,0
25.3,50,h,3,4,0
12,60,h,2,4,0
34.6,36,m,3,2,0
14.5,46,m,2,2,1
27.3,31,h,3,2,1
9.2,26,m,1,2,0
16.6,41,h,2,1,1
12.1,30,m,2,1,0
39.5,36,m,4,2,1
82.6,50,m,4,4,0
28.4,42,m,3,2,0
35.8,59,m,3,3,0
15.9,35,h,2,3,0
12,28,h,1,1,0
25,45,h,3,3,1
40.2,39,h,4,2,1
65.9,64,m,4,1,1
15.2,24,h,2,4,0
75.1,66,m,4,4,1
54.9,39,m,4,2,0
13.8,43,m,2,2,0
13.5,32,m,2,3,0
10,28,m,1,2,1
74.3,64,h,4,4,1
43.6,39,m,4,2,1
37.2,65,m,3,4,0
31,43,m,3,4,1
54.7,47,m,4,3,1
13.1,19,m,2,2,1
37.6,38,h,4,1,1
16,33,m,2,4,0
16.4,40,m,2,3,1
10.8,26,h,1,3,0
30.7,37,h,3,4,0
88.9,49,h,4,3,0
15.1,40,m,2,2,0
63.6,58,m,4,3,1
70.5,61,m,4,5,0
74.7,55,m,4,4,0
17.4,45,m,2,1,0
17.9,30,m,2,4,0
5.2,58,h,1,3,1
15,66,h,2,2,1
14.4,56,m,2,3,0
37.7,44,h,4,3,1
12.9,26,m,2,1,0
12.7,27,m,2,4,1
11.3,21,h,1,3,1
35.6,51,h,3,1,0
12.2,46,h,2,3,1
11.4,31,m,1,2,1
36.9,70,h,4,3,1
74.1,67,m,4,4,0
9.6,66,m,1,4,1
26.5,41,h,3,4,1
6.9,61,m,1,2,0
24.1,71,h,2,3,1
17.2,59,h,2,4,1
6.6,58,h,1,1,1
13.5,45,h,2,2,0
37,34,h,4,5,1
25.4,44,h,3,1,1
17.1,27,m,2,3,1
35,36,m,3,5,0
17.7,37,m,2,2,0
35.9,41,m,3,4,1
66.2,47,h,4,1,0
30.7,51,m,3,1,0
24.2,47,h,2,1,0
14.7,52,h,2,4,1
64.3,68,m,4,3,1
6.5,21,h,1,3,0
8,45,m,1,2,0
50.8,48,h,4,1,0
44.2,43,h,4,2,1
20,31,m,2,2,1
9.9,24,h,1,2,0
12,20,h,1,3,0
20.5,31,h,2,1,1
45.9,36,h,4,3,1
22.8,44,h,2,4,0
25.4,41,m,3,2,1
7.8,28,m,1,2,1
22.7,61,m,2,2,0
11.5,30,m,1,2,0
39.7,42,m,4,2,0
84.3,52,h,4,3,1
50,50,m,4,2,0
9,24,m,1,3,1
17.3,32,m,2,3,1
63.4,59,h,4,1,0
67.7,50,m,4,1,0
12.1,42,m,2,1,1
32.2,51,h,3,4,1
18.2,51,m,2,2,0
38.5,43,h,4,5,1
15.2,30,m,2,2,1
74.7,53,m,4,5,0
37.1,47,h,3,2,1
14.4,27,h,2,2,0
18.3,29,m,2,1,1
60.8,49,m,4,1,1
13.6,45,h,2,3,1
43.4,59,h,4,2,1
72.1,63,h,4,3,1
24.1,39,m,2,3,0
12,39,m,1,3,1
10,26,m,1,4,0
10,28,h,1,3,0
11,56,m,1,1,1
21.2,51,m,2,1,0
32.2,29,m,3,4,0
8,31,m,1,2,0
76.6,55,h,4,3,0
48.1,50,m,4,3,0
16.7,37,h,2,4,0
60.7,53,h,4,1,1
28.8,59,m,3,3,0
20.2,36,h,2,3,0
27.6,37,h,3,4,1
9.1,24,m,1,2,1
9.4,24,h,1,4,1
29.8,39,h,3,4,0
23.3,29,m,2,4,1
75.3,49,h,4,3,0
76.6,61,h,4,4,0
12.4,56,m,2,1,1
12.2,37,h,1,2,1
32.5,45,h,3,1,1
29.2,27,m,3,5,0
28.5,55,h,3,2,0
49.8,53,h,4,4,1
30.8,52,h,3,1,1
73.3,57,h,4,4,1
78.4,46,h,4,2,1
15.6,32,m,2,3,0
9.6,32,m,1,2,0
26.9,61,h,3,1,1
46.4,51,m,4,3,1
20.4,47,m,2,2,1
18.6,47,h,2,1,1
23.1,38,h,2,1,0
13.7,42,h,2,4,1
22.6,34,m,2,3,0
7,19,h,1,2,0
28.3,47,m,3,2,0
39.5,36,m,4,2,1
8,56,h,1,3,0
77.5,52,h,4,1,1
12.8,25,h,2,4,0
18.9,34,h,2,4,1
25.9,49,m,3,1,1
27.5,41,m,3,2,1
21.4,51,h,2,1,1
22.2,39,m,2,2,1
8.8,22,h,1,3,0
27.6,70,h,3,4,1
77.8,57,m,4,2,1
97.3,35,h,4,4,1
68.9,41,m,4,3,1
15.1,56,m,2,1,1
24.8,59,m,3,4,1
8.7,25,m,1,3,1
13.4,44,m,2,3,0
77.1,57,m,4,2,1
21,52,m,2,1,0
12.9,21,m,2,1,1
50.1,33,h,4,2,0
62.4,34,h,4,3,0
13.2,73,h,2,1,1
16.2,42,h,2,4,0
4.6,63,m,1,4,0
16.5,32,m,2,3,0
15,37,m,2,1,1
10.6,32,h,1,5,1
22.9,45,m,2,2,1
16.5,37,h,2,4,0
86.3,50,h,4,2,0
17.3,66,m,2,3,1
11.7,23,h,1,2,0
13.5,45,h,2,1,0
68.9,45,m,4,2,0
24.6,31,h,2,4,1
91.7,46,h,4,3,1
28.2,51,m,3,1,0
76,53,m,4,1,1
5,62,m,1,3,1
20.8,33,h,2,2,0
10.8,33,m,1,2,1
68.4,58,h,4,1,0
6.9,66,m,1,3,0
21.7,35,m,2,2,0
24.1,51,h,3,2,1
57.2,52,m,4,1,1
31.5,35,h,3,3,0
14.4,29,m,2,5,0
99.3,61,h,4,1,1
17.3,29,h,2,4,0
19.6,39,m,2,2,1
17.6,40,h,2,1,0
9.5,56,m,1,3,0
44.2,36,m,4,5,0
18.5,33,m,2,2,0
22.6,42,h,2,4,1
13.9,28,h,2,3,0
34,45,m,3,2,1
14,28,h,2,1,0
10.3,21,m,1,3,0
92.8,52,h,4,2,1
74.4,42,h,4,2,0
52.8,50,h,4,1,1
13,26,m,2,3,0
34.6,42,m,3,4,0
74.6,69,h,4,2,0
14.1,34,m,2,1,1
50,58,m,4,1,1
52.5,69,m,4,4,0
14.9,37,m,2,1,0
50.9,28,m,4,4,1
45.1,59,h,4,3,0
14.2,35,h,2,2,1
7.5,26,h,1,2,1
18.6,37,m,2,5,1
9.4,38,h,1,4,0
7.4,30,m,1,2,1
14.8,53,m,2,2,0
25.5,61,h,3,1,0
10.9,41,h,1,5,1
16,39,m,2,1,1
32.7,34,h,3,2,1
16.3,33,m,2,2,0
11.6,31,m,1,2,0
19.8,39,m,2,2,0
45.7,25,m,4,3,1
81.3,56,h,4,3,0
21.5,38,m,2,3,1
13,41,h,2,3,1
95.3,49,h,4,4,0
15.8,31,m,2,4,0
68.6,61,m,4,2,1
12.9,33,h,2,4,1
9.9,64,h,1,3,0
75.4,54,m,4,4,0
12.9,39,m,2,1,1
11.7,33,h,1,3,0
74,35,m,4,4,0
28.1,40,m,3,3,1
18.6,20,h,2,3,1
72.4,60,h,4,1,0
9.5,32,h,1,2,0
65.1,42,h,4,3,1
22.2,24,h,2,3,0
19.3,28,h,2,1,1
7.5,30,m,1,2,1
43.5,48,m,4,5,1
19.8,38,h,2,4,0
33.8,37,h,3,2,1
52.5,64,h,4,2,1
19.1,50,m,2,4,1
83.9,40,m,4,2,0
18.9,25,h,2,4,0
11.6,39,h,1,1,0
79.9,57,h,4,2,0
36.7,53,m,3,1,0
42.9,53,h,4,3,1
23.2,46,h,2,2,0
53.8,66,h,4,3,0
17.2,21,h,2,3,1
26.4,52,m,3,1,0
13.2,34,m,2,4,0
96,58,m,4,2,0
17.8,42,h,2,5,1
10.8,45,h,1,1,0
31.5,50,h,3,2,0
30.3,51,h,3,1,0
41.7,41,h,4,3,1
28.4,46,m,3,2,0
38.4,60,h,4,1,0
33.8,53,h,3,1,1
18,46,h,2,2,1
15.1,37,m,2,2,1
11.8,52,h,1,1,1
86.3,61,h,4,2,0
81,61,h,4,4,0
42.9,47,m,4,1,0
22.8,33,m,2,2,1
13.4,55,h,2,4,0
44.6,48,m,4,2,0
27.5,60,m,3,2,0
24.4,46,h,3,4,1
31.2,40,m,3,3,0
18,28,h,2,4,0
54.9,49,m,4,1,1
80.3,59,h,4,3,0
13.9,28,m,2,1,0
4.3,63,m,1,2,1
13.5,37,m,2,4,0
25.8,39,h,3,3,1
18.5,47,h,2,2,0
19.8,57,h,2,1,1
48.8,44,m,4,3,1
26.2,30,m,3,4,0
13.4,38,h,2,2,1
56.3,34,h,4,1,1
63.5,49,h,4,1,0
74.1,58,h,4,2,1
33.6,46,h,3,4,1
45.4,54,h,4,1,0
17.1,28,m,2,2,0
70.6,51,h,4,2,0
24.3,32,m,3,1,1
27.2,48,m,3,3,0
18.9,49,m,2,2,1
19.6,36,h,2,4,0
23.4,44,m,2,2,0
64,60,m,4,1,0
16.7,32,m,2,3,1
32.8,35,h,3,2,1
24.4,38,m,3,1,1
42.1,33,m,4,4,1
23.7,46,m,2,2,1
18.7,41,h,2,1,1
45,65,m,4,1,1
12.6,55,h,2,2,1
18.7,45,m,2,1,1
4.5,73,h,1,3,1
92.6,40,m,4,3,0
13.7,59,m,2,1,0
7.3,19,h,1,2,0
41.9,36,m,4,5,1
24,31,m,2,4,0
14.5,47,m,2,4,1
15.3,28,m,2,3,1
12.7,44,h,2,3,0
54.2,49,h,4,2,1
24.2,31,h,2,2,0
25,25,m,3,3,0
20.5,37,m,2,2,0
9.4,37,m,1,2,1
76.8,48,h,4,4,1
20.6,54,m,2,3,0
16.6,49,h,2,2,0
22.7,36,h,2,3,0
12.6,44,h,2,4,0
20.1,62,m,2,3,1
86.1,44,m,4,1,1
9.3,32,h,1,3,1
49.9,52,h,4,3,1
13.3,45,m,2,3,0
20,37,m,2,3,0
15.7,31,h,2,4,0
39.7,52,m,4,2,1
13.3,60,h,2,1,0
13.4,39,h,2,5,1
18.1,51,m,2,2,0
17.1,50,m,2,1,1
37.9,56,m,4,4,1
54.8,44,h,4,4,0
30.8,42,m,3,3,1
30.4,42,m,3,3,0
18.3,28,h,2,2,0
69.5,65,m,4,3,1
48.8,41,m,4,4,0
16,33,m,2,3,0
18.5,24,h,2,1,0
13.7,42,m,2,4,0
10.4,28,m,1,1,0
19.9,34,h,2,3,0
24.4,29,h,2,4,1
19.8,65,h,2,2,0
8.9,28,h,1,1,1
21.7,37,m,2,3,0
70,59,h,4,3,0
36.7,41,m,3,3,0
33.1,65,h,3,3,1
74,40,h,4,4,0
13.5,29,m,2,4,1
23.2,51,h,2,1,0
11.6,49,h,1,3,1
8.5,24,h,1,2,0
37.1,33,h,3,2,0
25.9,47,h,3,3,0
31.1,30,h,3,1,1
22.7,36,m,2,2,1
39.5,50,h,4,3,1
20.5,43,h,2,2,0
16.1,27,m,2,2,1
16.7,28,h,2,3,0
17.6,33,m,2,3,1
24,34,m,2,4,0
22.1,59,h,2,2,0
11.8,72,h,1,3,1
45.5,45,m,4,2,1
18,42,h,2,3,1
85.7,62,m,4,1,0
49.5,58,m,4,1,0
64.8,46,m,4,1,1
15.5,22,h,2,2,0
12.5,36,h,2,4,0
11.4,28,h,1,2,0
11.8,70,m,1,1,0
51.4,48,m,4,1,0
33.9,36,m,3,2,0
10.4,70,h,1,1,0
26.3,23,m,3,3,0
75.2,56,h,4,1,1
20.8,46,h,2,1,1
19.1,49,h,2,3,0
17.2,42,h,2,4,0
9.1,22,m,1,2,1
17.9,39,m,2,1,1
61,62,h,4,1,0
21.6,49,h,2,4,0
65.2,61,h,4,5,1
25.2,47,m,3,4,0
17.9,35,h,2,2,0
18.6,35,m,2,2,1
33.9,43,h,3,2,1
25.4,52,h,3,4,1
46.5,57,m,4,2,1
28.4,47,h,3,3,0
12.9,41,h,2,3,0
26.1,29,h,3,3,0
25.6,46,m,3,4,1
22.9,29,m,2,4,1
12.2,54,m,2,4,0
13.4,27,h,2,1,1
83.9,45,h,4,4,1
20.1,39,m,2,4,1
14.2,28,h,2,2,0
18.1,24,m,2,3,1
75.3,67,m,4,5,1
36.4,58,h,3,2,1
23.5,45,m,2,4,0
10.7,38,m,1,5,0
27.7,34,h,3,1,1
11.1,29,m,1,2,0
25.6,26,m,3,2,0
9.3,39,h,1,1,1
14.9,34,m,2,2,0
25.9,42,m,3,3,1
15.6,42,h,2,2,1
11.6,27,h,1,2,0
40.7,52,h,4,2,1
48.8,46,h,4,5,1
23,34,m,2,3,0
12.9,37,m,2,2,1
54,49,h,4,3,0
14.7,31,m,2,5,1
41.5,31,h,4,4,1
16.3,42,h,2,1,0
18.7,44,m,2,3,1
14.6,39,m,2,1,0
60,41,m,4,4,0
9,30,h,1,5,1
76.9,43,h,4,3,1
78.5,52,h,4,1,1
35.8,29,m,3,4,1
33.4,51,h,3,3,0
15.6,26,h,2,1,0
64.1,40,h,4,3,0
81.6,66,h,4,1,0
67.8,52,m,4,3,0
27.4,66,h,3,1,1
70.1,47,m,4,4,0
15.6,31,h,2,4,0
15.1,24,h,2,4,1
48.7,45,h,4,4,1
33.4,37,m,3,1,0
15.6,25,m,2,4,1
20.6,31,h,2,5,1
29.7,41,m,3,4,0
13.7,50,m,2,1,0
14.4,53,h,2,2,1
19.7,51,m,2,2,0
12.6,41,h,2,4,1
92.3,54,m,4,2,0
49,46,m,4,4,1
48,47,m,4,2,1
73.4,62,h,4,1,1
31.7,38,h,3,5,0
22,38,m,2,1,1
16.5,43,h,2,4,0
16,34,h,2,2,0
14.9,44,h,2,4,0
52.4,44,h,4,2,1
27.8,44,m,3,4,1
15.8,33,m,2,2,1
29.7,55,m,3,4,0
23.7,38,m,3,3,1
15.9,37,m,2,1,1
42.1,64,m,4,2,1
69.7,57,h,4,5,1
24.1,51,h,2,5,0
20.3,45,h,2,4,0
11.2,35,m,1,2,0
22.8,33,h,2,1,0
32.4,46,m,3,1,0
31.9,61,m,3,1,0
45.5,57,m,4,2,1
13.7,35,m,2,4,1
95,37,h,4,4,1
93.4,52,m,4,1,1
16.8,52,h,2,2,1
25,64,h,3,3,1
11.8,46,h,1,3,0
19.4,33,h,2,2,0
28.8,39,h,3,1,1
71.5,51,h,4,4,0
7.8,74,h,1,1,1
9,31,h,1,2,0
16,34,m,2,1,0
42.1,45,h,4,3,0
22.5,33,m,2,4,0
11.7,29,m,1,1,1
64.3,44,h,4,4,0
47.3,50,h,4,4,1
44.7,36,m,4,2,0
64.9,45,m,4,4,0
9.5,21,m,1,3,1
8.9,24,h,1,3,0
9.8,40,m,1,4,1
15.6,43,h,2,2,1
65,45,h,4,4,0
72.8,44,m,4,5,1
13.1,27,m,2,4,1
12.4,27,m,2,1,1
12.5,45,h,2,1,1
30.3,70,h,3,3,1
80.3,52,h,4,4,1
9.5,34,m,1,4,1
34.2,36,h,3,4,0
37.2,38,h,3,1,1
81.4,53,m,4,4,0
31.2,45,m,3,2,1
15,39,m,2,1,0
78.6,57,m,4,2,1
86.9,47,m,4,1,1
13.5,55,h,2,3,1
78.7,54,m,4,2,0
29.2,39,m,3,3,1
43,38,h,4,4,0
35.4,42,h,3,2,1
28.7,51,m,3,2,0
8.4,56,m,1,3,1
9.3,35,m,1,1,1
13.5,25,h,2,4,0
21,32,h,2,3,0
9.1,23,h,1,2,1
34.5,43,h,3,4,1
18.8,35,m,2,3,1
41.8,45,m,4,4,1
50.2,71,h,4,1,1
30.6,36,h,3,5,1
12.9,29,m,2,1,1
25.9,42,h,3,1,0
22.1,28,h,2,5,1
50.1,44,m,4,4,1
75.2,42,h,4,2,0
7.6,25,h,1,1,1
14.5,34,m,2,1,1
18.1,46,m,2,2,1
11,28,m,1,1,0
21.7,35,h,2,2,1
15.1,34,m,2,4,0
77.3,51,h,4,4,0
33.9,43,m,3,2,1
13.2,26,m,2,4,1
64,59,h,4,2,0
23.3,69,m,2,4,0
21.2,44,m,2,3,1
93.9,63,h,4,3,1
23.2,41,m,2,2,1
79.1,56,m,4,1,0
13.9,39,h,2,2,0
24,34,h,2,4,0
75.3,50,h,4,2,1
10.6,26,m,1,2,1
13.9,24,m,2,1,1
9,24,m,1,2,0
10.6,25,m,1,2,1
21,31,m,2,3,1
64.1,55,h,4,2,0
51.3,52,m,4,2,0
28.2,57,h,3,3,1
37,49,m,4,5,0
11.4,38,m,1,4,1
19.3,33,h,2,3,0
35.9,52,h,3,4,1
17.7,30,h,2,2,0
20.5,52,m,2,1,1
12.8,24,h,2,1,0
10.7,22,m,1,1,1
16.7,28,m,2,4,0
22.5,50,h,2,2,0
10.2,36,h,1,2,0
18.3,34,h,2,4,0
87.5,45,m,4,2,1
15.9,50,m,2,1,0
45.7,37,m,4,4,1
45,44,m,4,2,0
22.3,61,m,2,3,0
34.3,46,h,3,4,1
10,40,m,1,3,0
6.9,20,h,1,1,1
27.1,28,m,3,1,1
9.5,35,m,1,1,1
16,50,m,2,4,0
14.1,31,h,2,2,0
28.9,32,h,3,4,0
14.5,26,h,2,4,0
23.8,32,m,2,4,0
39.1,44,m,4,3,1
22.9,54,h,2,1,1
64.4,46,h,4,2,0
24.3,56,h,2,1,1
39,35,h,4,2,0
18.2,31,h,2,3,0
16.5,35,m,2,4,0
7,66,h,1,5,0
22.6,51,m,2,2,0
30.4,42,h,3,5,1
32.3,54,m,3,2,0
11.2,20,m,1,2,1
10,22,m,1,2,0
70.5,53,m,4,5,0
33.9,39,m,3,3,0
19,41,m,2,1,0
11.6,31,h,1,3,1
16.8,37,h,2,1,0
22.7,29,h,2,2,0
38.1,40,m,3,4,0
12.7,32,h,2,2,0
37.7,46,h,4,2,0
30.9,40,h,3,2,1
14.5,29,h,2,3,0
57.6,37,m,4,4,1
7.4,59,h,1,1,1
33.3,51,m,3,1,1
8.7,21,h,1,3,1
24.3,46,h,2,1,0
13.4,32,h,2,2,0
12.7,27,m,2,3,0
11.3,25,h,1,2,1
15.1,58,h,2,3,0
59.7,52,m,4,3,1
25.4,34,m,3,3,1
10.2,29,h,1,3,0
23.7,59,m,2,4,0
11.9,24,h,1,4,1
28.6,42,h,3,2,0
8.9,28,m,1,3,0
19.2,48,m,2,1,1
19.1,36,m,2,1,1
31.1,46,h,3,4,1
13.7,23,m,2,3,0
38.3,65,h,4,3,0
9.2,23,h,1,1,1
19.1,59,m,2,1,0
23.5,34,h,2,1,0
15.3,31,h,2,3,1
10.5,71,m,1,2,1
13.7,55,m,2,3,0
13.4,40,m,2,3,0
41.5,38,h,4,1,0
7.8,24,m,1,4,1
30.2,44,h,3,1,0
15.3,62,m,2,2,0
9.3,33,h,1,4,0
16.6,44,h,2,1,1
29.7,52,m,3,2,1
30.3,35,m,3,3,0
5.5,64,h,1,2,0
89.8,53,m,4,2,0
70.6,39,m,4,4,1
50.2,63,m,4,4,1
22.5,45,m,2,2,1
45,52,h,4,1,0
41,51,h,4,3,0
30.4,37,h,3,5,0
18.7,30,h,2,2,0
35,54,h,3,2,0
74.4,43,m,4,2,0
16.6,39,h,2,2,0
27.4,42,h,3,4,0
9,24,m,1,4,1
10.6,25,h,1,2,1
41.6,41,m,4,5,1
77.9,55,h,4,4,1
11.3,28,h,1,4,0
18.4,31,h,2,4,0
57.5,48,h,4,3,1
26.1,34,h,3,3,1
53.9,39,h,4,2,0
16.5,42,m,2,3,0
15.6,34,m,2,3,1
12.1,24,m,2,2,0
66.9,48,h,4,5,0
23.5,46,h,2,1,0
21.8,31,h,2,1,0
20.9,43,m,2,3,1
26.4,37,h,3,2,1
18.7,48,m,2,2,1
16,30,h,2,4,0
31.7,43,h,3,1,1
68.5,31,m,4,3,1
20.1,46,m,2,4,0
19.8,34,m,2,3,0
43.3,51,m,4,4,0
79.3,62,m,4,4,1
42,36,m,4,2,1
20.5,31,m,2,2,1
23.2,33,m,2,4,0
19.5,56,m,2,4,1
48.1,34,m,4,2,1
58.9,41,m,4,2,1
30.8,45,m,3,2,0
15.2,29,m,2,2,1
28.7,38,m,3,1,0
4.4,66,m,1,1,1
29.7,69,h,3,2,1
78.1,66,m,4,3,0
62.5,55,h,4,2,1
45,39,m,4,4,1
9.5,26,m,1,3,1
11.5,44,m,1,2,0
10.6,25,m,1,2,1
53.7,43,m,4,2,0
16.4,24,h,2,3,0
72.8,52,h,4,3,1
15.8,44,m,2,4,0
9.6,40,m,1,1,0
14.1,39,h,2,1,0
11.5,52,m,1,1,1
11.3,37,h,1,4,1
15.8,27,m,2,4,1
36.2,45,h,3,4,1
7.9,23,m,1,2,1
67.8,50,h,4,3,1
55.4,30,m,4,4,1
31.9,65,m,3,4,0
49.2,63,h,4,3,0
34.9,36,m,3,1,0
10.3,28,m,1,2,0
65.7,54,h,4,2,1
52.4,51,m,4,3,1
11,22,h,1,4,0
27.4,46,h,3,3,1
13.2,63,h,2,3,1
31,44,m,3,1,0
74.2,59,m,4,2,0
60.8,49,m,4,1,0
43.2,69,h,4,3,1
28.6,39,m,3,2,1
33.8,37,h,3,2,1
82.7,41,h,4,4,1
16.7,19,m,2,2,1
41.8,46,h,4,2,0
15.9,44,m,2,2,0
33.6,39,m,3,3,0
37.4,27,h,4,5,1
62.1,42,m,4,2,1
20.4,50,h,2,4,1
19,41,m,2,3,1
22.5,51,m,2,4,1
16.1,33,m,2,2,1
15.4,34,m,2,2,1
27.9,44,m,3,5,0
39.5,67,h,4,2,1
72.9,46,m,4,4,1
9.9,50,h,1,2,0
35.9,50,h,3,1,1
18.1,57,m,2,2,1
93.8,48,h,4,2,0
24.5,45,m,2,2,1
65.7,51,h,4,1,0
30.6,50,m,3,3,0
11.7,22,h,1,2,0
72.5,62,h,4,1,1
16.8,46,m,2,1,0
11,41,h,1,3,0
40.5,57,m,4,1,1
36.8,49,m,3,1,0
50.6,41,h,4,5,1
10.1,20,h,1,3,0
22,44,m,2,4,1
89.6,56,m,4,1,0
46,37,h,4,3,1
36.1,43,m,3,3,1
19.7,35,h,2,4,0
54.8,51,h,4,3,1
38.2,34,h,4,2,0
24.6,48,h,2,2,1
19.6,35,h,2,5,1
18.7,30,m,2,4,1
12.7,32,m,2,2,0
11.9,31,m,1,4,1
22.7,49,m,2,2,0
8.6,62,m,1,1,0
5.6,23,h,1,4,0
11,42,m,1,3,1
76.4,58,m,4,2,0
16.7,38,m,2,2,0
61.9,43,h,4,2,1
36.5,47,h,4,2,1
37.2,36,h,3,2,1
16.7,29,h,2,4,1
19.5,34,m,2,2,1
41.3,49,h,4,3,0
37.7,38,h,4,2,1
50.4,43,h,4,1,0
93.6,51,m,4,3,0
96.6,43,h,4,4,0
15.3,48,h,2,2,1
25.3,33,h,3,2,0
75.8,40,h,4,4,0
15.3,53,h,2,4,1
42.8,34,m,4,5,0
15.4,63,h,2,3,0
40.8,44,m,4,4,1
8.4,37,h,1,1,0
33.9,47,m,3,3,1
16.8,38,m,2,1,0
58.3,58,m,4,1,0
19.7,33,m,2,2,0
24,31,h,2,2,0
13.8,30,h,2,4,1
75,51,m,4,3,0
69.6,47,m,4,2,1
39.7,48,m,4,3,1
26.8,33,h,3,5,1
13.6,24,h,2,2,1
9.4,19,h,1,1,0
70.3,50,h,4,4,0
6.1,70,m,1,2,0
17.2,43,m,2,2,1
12.3,28,h,2,2,0
33.1,47,h,3,2,1
14,53,m,2,1,1
50.6,39,m,4,4,0
18.9,64,h,2,4,1
42.3,31,h,4,3,0
15.8,33,m,2,3,0
24.9,42,m,3,3,1
22.6,73,m,2,4,0
98.3,33,h,4,4,1
32.7,33,m,3,3,1
9.2,26,m,1,3,0
18.1,35,h,2,4,0
52.4,47,m,4,5,0
13.6,23,m,2,4,1
13.6,23,m,2,3,1
25.4,57,h,2,2,0
6,60,h,1,4,0
10.2,61,m,1,2,0
31.1,48,h,3,4,0
21.5,39,m,2,3,1
30,54,m,3,1,1
11.7,40,h,1,3,0
63.6,43,h,4,4,0
12.8,35,m,2,2,1
26.1,47,h,3,4,1
18.6,37,m,2,4,0
11.6,26,m,1,2,1
72.7,49,m,4,3,0
13.9,56,m,2,3,1
21.7,38,h,2,2,1
34.6,31,m,3,4,0
19,53,h,2,2,1
25.5,35,m,3,1,0
8,25,m,1,2,1
5.7,65,h,1,2,1
15.6,55,h,2,2,1
17,30,m,2,2,0
47.6,33,m,4,4,0
15.8,45,m,2,4,1
25.5,34,h,3,1,0
11.2,24,h,1,3,1
21.1,37,m,2,1,0
19.7,23,h,2,1,0
35.3,50,h,3,2,1
32.1,36,m,3,3,1
12.2,32,m,2,3,1
18.4,36,m,2,4,0
49,50,h,4,4,1
32,36,m,3,1,0
10.2,46,m,1,3,0
19.3,35,h,2,2,0
15.9,34,m,2,4,1
19,54,m,2,1,1
7.9,64,h,1,3,1
35.3,59,m,3,3,1
16,36,m,2,2,1
10.7,40,h,1,4,0
42.5,55,m,4,5,0
13.4,21,m,2,3,0
71.7,68,h,4,2,1
29.5,41,h,3,4,1
14.3,54,h,2,2,0
17.4,39,m,2,2,0
69.3,59,m,4,3,0
30.1,26,m,3,4,1
14.9,41,h,2,2,0
9.5,23,h,1,2,1
19.8,33,m,2,2,0
20.6,34,m,2,4,1
6.9,22,h,1,3,1
11.8,40,m,1,1,1
30.3,36,m,3,5,1
19.1,43,m,2,2,1
18.1,27,m,2,4,0
49.7,49,h,4,5,0
19.3,40,h,2,4,0
16.3,30,h,2,3,0
92.6,50,m,4,1,0
92.5,54,m,4,4,1
77.5,61,m,4,1,0
53,35,h,4,4,1
18.4,32,m,2,5,0
18.1,28,m,2,3,0
7.4,61,h,1,1,1
11.9,31,m,2,5,0
20.8,65,h,2,4,0
15.8,31,m,2,5,0
74.3,50,m,4,3,1
78.6,55,h,4,2,1
39.3,36,h,4,4,1
31.5,41,m,3,2,1
42.7,70,m,4,2,0
75.7,57,m,4,1,0
18.8,42,m,2,1,0
13.1,49,m,2,2,1
16.3,20,h,2,3,0
26,35,m,3,1,1
30.8,42,m,3,1,1
12.7,32,h,2,1,1
74,49,m,4,4,0
98.5,43,h,4,4,0
17.7,41,h,2,1,1
19.4,32,h,2,2,0
34.6,39,m,3,2,0
45.5,49,m,4,2,1
54.1,49,h,4,2,0
89.7,53,m,4,3,0
42.5,47,h,4,2,0
11,38,m,1,2,1
10.7,31,m,1,3,0
7.9,26,m,1,5,1
59.7,50,m,4,3,1
17.2,40,h,2,2,0
21.9,60,h,2,3,1
4.9,65,m,1,4,0
36.4,56,h,3,1,0
26.9,31,m,3,4,1
39.5,44,h,4,4,0
13,69,h,2,4,0
14.7,37,m,2,1,0
12.6,40,m,2,2,0
9.4,43,m,1,2,1
16.3,39,m,2,3,1
10.3,34,m,1,3,1
15.1,31,h,2,4,0
47.8,53,m,4,4,0
14.7,43,h,2,2,0
19.3,36,h,2,3,1
12.7,27,h,2,3,0
14.3,62,m,2,1,1
15.4,27,h,2,2,0
28,41,m,3,2,0
45.2,66,h,4,1,0
53.4,36,h,4,4,1
18.6,39,m,2,3,0
7.9,28,m,1,3,0
19.2,31,m,2,1,0
8.4,28,h,1,1,1
9.1,43,m,1,1,0
48.1,41,h,4,5,1
17.8,67,m,2,3,0
11.9,31,h,1,3,0
30.4,44,m,3,2,1
22,50,h,2,2,0
77.5,52,m,4,4,0
24.4,40,h,3,4,1
12.7,19,h,2,2,0
27.1,24,h,3,3,1
16.9,48,h,2,1,0
66.7,56,h,4,2,0
64.6,63,m,4,1,1
75,56,h,4,1,1
31.4,61,h,3,4,0
77.4,54,m,4,3,0
10.6,44,h,1,4,1
18.2,44,h,2,3,0
17.6,26,m,2,4,0
55.9,47,h,4,5,1
19.6,34,m,2,2,0
9.8,33,m,1,3,1
12.7,37,m,2,1,0
18.2,53,h,2,2,1
19.5,35,m,2,2,0
13.7,63,h,2,1,0
16.6,36,m,2,3,0
15.1,57,h,2,2,0
18.5,54,m,2,1,1
26.6,36,m,3,2,1
77.9,51,m,4,1,1
12.1,54,h,1,1,1
85.5,41,m,4,3,1
41.1,48,h,4,1,0
89,61,m,4,4,1
16.8,29,h,2,5,1
12.7,33,m,2,1,1
38.1,49,h,4,1,1
8.9,27,m,1,1,1
45.2,37,h,4,5,1
17,26,m,2,3,1
32.7,33,m,3,2,0
52.6,52,m,4,3,1
69.4,43,m,4,4,1
27.5,52,m,3,1,1
61,58,m,4,2,1
30.5,45,m,3,4,1
23.9,32,m,2,5,0
21.9,36,h,2,5,0
79,44,m,4,4,1
31.5,37,m,3,1,0
19.6,41,m,2,2,1
17.4,50,h,2,4,0
23.8,44,m,2,2,0
65.2,58,m,4,5,1
29.4,36,m,3,3,1
21.5,30,h,2,5,0
31,37,m,3,3,0
23.5,51,h,2,2,1
39.7,47,m,4,2,1
41.7,53,m,4,2,0
32,56,m,3,1,0
4.9,65,h,1,1,1
20.8,43,h,2,4,0
14.2,44,h,2,2,1
15.5,58,h,2,2,1
95,57,h,4,1,1
75.6,41,h,4,2,1
34.3,46,h,3,4,1
20.9,40,m,2,2,1
13.2,19,h,2,2,0
35.8,40,m,3,1,0
14.5,34,m,2,4,1
7.8,27,h,1,1,0
18.2,40,h,2,4,0
10.2,53,h,1,1,1
10.7,20,h,1,2,0
74.4,39,h,4,4,0
5.4,59,h,1,1,0
12.3,28,h,2,4,1
8.9,29,m,1,1,1
74.4,54,m,4,2,1
21.5,31,m,2,3,1
34.5,36,h,3,4,1
14.6,34,m,2,3,1
68.1,46,m,4,4,0
21.9,33,h,2,2,1
15.5,33,m,2,1,0
60.8,48,h,4,3,0
12.2,69,h,1,1,1
70.8,41,m,4,2,0
10.8,37,m,1,4,1
24.9,42,m,3,3,1
12.7,19,m,2,2,0
18.2,39,m,2,1,1
27.3,55,m,3,4,0
43.5,29,m,4,4,1
6.8,27,m,1,5,1
58.3,45,m,4,5,0
50,39,h,4,3,0
20.5,49,m,2,3,0
22.7,62,h,2,5,0
7.5,28,m,1,3,1
12.5,38,m,2,1,1
5.8,21,h,1,3,0
11.1,26,h,1,5,1
22.2,34,h,2,2,0
13.8,24,h,2,2,1
18.1,36,m,2,4,0
15.2,44,m,2,4,0
76.7,52,h,4,1,0
76.5,67,h,4,2,1
36.4,50,h,3,4,1
15.9,37,h,2,2,0
43.5,42,m,4,2,0
12.1,54,m,2,1,1
14.6,27,h,2,2,0
62.3,58,m,4,1,1
24,61,h,3,4,1
47.8,37,h,4,4,0
17.9,47,m,2,1,0
16.3,38,h,2,2,0
25.9,37,h,3,4,1
16.5,31,h,2,2,1
21.1,38,m,2,2,1
16.9,58,m,2,4,0
32.3,53,h,3,3,1
16.3,44,h,2,4,0
29.7,57,h,3,3,0
15.9,43,h,2,1,1
71.8,57,h,4,1,0
12,30,m,1,1,1
18,43,m,2,1,0
14.1,37,m,2,5,1
36.3,33,m,3,2,0
14.2,23,m,2,2,1
29.4,46,h,3,5,0
15.7,26,m,2,4,0
10.7,25,m,1,3,0
15.2,44,h,2,2,1
12.2,24,m,1,4,0
68.8,56,h,4,4,1
9.1,39,h,1,4,1
35,29,m,3,3,1
5.1,74,m,1,1,0
22.2,42,m,2,3,1
27.3,39,m,3,2,1
9.8,26,h,1,3,1
26.2,36,h,3,2,0
22,26,h,2,4,1
41.7,53,m,4,2,0
20.6,27,m,2,3,1
13.9,20,m,2,2,1
6.4,21,m,1,3,0
14.2,35,h,2,3,1
37.4,58,m,4,4,0
12.2,35,m,1,5,1
15.7,28,h,2,3,1
18.5,30,h,2,4,1
8.8,50,h,1,3,0
8.4,27,h,1,4,0
59.1,60,h,4,2,0
26.8,42,h,3,3,1
62.7,49,m,4,1,1
21.3,25,h,2,2,0
19.9,40,m,2,2,0
36.6,52,h,3,1,1
78,57,h,4,3,1
12.8,39,m,2,1,0
71.7,43,m,4,5,1
33.3,50,h,3,5,0
18.8,55,h,2,2,1
87.7,51,m,4,2,1
10.5,24,h,1,3,0
15.1,28,h,2,1,1
17.4,29,h,2,3,0
7.9,24,m,1,2,1
14.3,30,m,2,2,1
22.8,36,m,2,2,1
50.7,39,h,4,4,0
10.3,22,m,1,2,1
15.4,42,m,2,2,1
29.9,30,m,3,4,0
74.3,61,m,4,3,0
12.6,36,h,2,3,0
17.1,35,m,2,2,0
8.7,37,m,1,3,0
10.6,30,h,1,3,0
82.3,58,h,4,2,1
68.2,57,m,4,3,1
11.3,47,h,1,1,1
57.4,35,h,4,4,0
12.8,62,h,2,3,1
25,57,m,3,3,1
24.6,56,m,2,4,0
15.4,39,h,2,3,0
21.6,30,m,2,3,1
5.8,62,h,1,4,1
18.4,22,m,2,4,1
14.7,28,m,2,3,1
23.4,30,h,2,4,1
91.1,44,h,4,4,0
11.4,25,h,1,3,0
24.7,39,m,3,2,1
46,37,h,4,5,0
23.1,37,h,2,2,1
11.5,43,m,1,1,1
39.6,61,m,4,2,0
5.5,62,m,1,2,1
8.6,37,m,1,1,1
16.2,43,m,2,3,0
17.9,59,h,2,1,1
76.2,55,m,4,3,1
14.4,30,m,2,3,0
8.2,28,h,1,2,1
75.1,36,h,4,5,0
8.3,22,h,1,2,0
27.6,41,m,3,1,0
15.3,28,m,2,2,0
74.1,51,h,4,2,1
11,61,m,1,2,0
14.9,30,m,2,5,0
94.1,60,h,4,4,1
63.3,40,m,4,1,0
34.8,52,m,3,1,1
27.6,39,m,3,2,1
68,65,m,4,2,0
10.8,34,m,1,2,1
12.1,46,m,2,2,1
8.3,22,m,1,4,1
24.2,38,m,2,4,1
14.5,28,h,2,3,0
9.4,30,m,1,2,0
24.4,42,h,3,2,0
20.4,27,h,2,2,1
40.3,39,h,4,4,0
22,29,h,2,4,1
10.8,27,h,1,3,0
12.1,28,m,1,2,1
88.9,43,m,4,4,1
23.4,48,h,2,2,1
38.7,33,h,4,2,0
36.1,51,m,3,5,0
29.6,44,h,3,1,1
66.4,49,m,4,2,0
39.3,42,m,4,3,0
60.9,36,h,4,2,1
17.6,32,m,2,5,0
57.3,44,m,4,2,0
14,24,m,2,2,1
55.7,55,m,4,3,1
41.7,39,h,4,4,0
10.6,45,m,1,1,0
14.6,55,m,2,3,0
8.6,23,h,1,4,0
10.1,29,h,1,2,0
15.5,54,h,2,4,1
11.3,26,h,1,1,1
33.5,44,h,3,2,1
12.4,38,m,2,1,1
43.3,46,h,4,2,0
45.8,60,h,4,1,1
40.4,45,m,4,3,0
22.4,47,m,2,1,0
10,56,m,1,2,1
22.4,36,h,2,2,1
8.4,33,h,1,1,0
20.1,52,m,2,2,0
9.5,25,m,1,3,1
31.6,48,h,3,1,0
14.8,34,h,2,2,0
76.8,54,h,4,2,0
36.6,38,m,3,4,1
82.7,48,m,4,3,1
10.8,30,h,1,5,0
11.5,59,h,1,3,1
24.5,29,h,2,5,0
37.8,42,h,3,4,1
13.3,29,m,2,3,0
45.8,40,m,4,4,0
34,38,h,3,4,1
4.9,73,h,1,2,1
24.7,25,m,3,4,1
14.5,31,m,2,2,1
18.1,20,m,2,3,0
92.7,50,m,4,3,0
74.2,59,m,4,2,1
13.1,41,h,2,4,0
10.1,22,h,1,3,0
18.1,67,m,2,2,0
56.8,47,h,4,2,1
21.7,28,h,2,3,1
62.6,47,h,4,4,1
15.3,35,m,2,2,1
26,40,h,3,2,1
15.4,26,h,2,3,0
21.3,50,m,2,4,0
22.2,71,h,2,3,1
38.2,55,m,3,1,0
36.6,50,m,3,2,0
26.3,49,h,3,2,0
74.9,58,h,4,3,1
14.6,48,m,2,2,0
66,42,h,4,4,1
8.9,24,m,1,2,1
12.1,24,m,1,4,0
6.3,65,h,1,3,0
17.4,24,m,2,2,0
15.9,35,m,2,3,0
71.2,53,m,4,4,0
15.1,34,m,2,1,0
84,56,h,4,1,0
18.5,37,h,2,5,1
7.9,41,m,1,4,0
27.1,40,h,3,2,0
5.4,62,h,1,1,1
18.2,53,h,2,4,0
18.8,29,h,2,4,1
22.1,58,h,2,2,1
24.6,54,h,2,1,1
51.1,51,h,4,2,1
34.7,42,h,3,1,0
9.4,35,m,1,2,1
20.2,37,h,2,2,0
15.9,35,m,2,2,0
45.7,40,m,4,2,0
74.3,55,h,4,3,1
17,31,m,2,2,1
12,67,m,2,1,0
33.8,57,h,3,3,0
9.4,19,m,1,2,0
13.1,18,h,2,2,0
71.6,67,h,4,1,0
21.8,26,m,2,4,1
7.4,65,h,1,2,0
15.2,35,m,2,4,1
10.3,57,m,1,3,0
29.9,52,m,3,2,0
30.9,30,h,3,3,1
91,65,h,4,2,0
16,64,m,2,2,0
39.5,55,m,4,3,0
13.8,33,m,2,3,0
15.8,25,m,2,2,1
14.4,39,h,2,3,0
32.2,43,h,3,5,1
83.3,39,m,4,4,0
19.5,26,m,2,4,0
10.8,27,m,1,2,1
14.4,41,m,2,1,1
70.2,69,h,4,4,1
20.5,28,m,2,4,1
13.5,39,h,2,1,1
15.1,39,m,2,1,1
17.8,44,h,2,2,0
16.7,33,m,2,1,1
41.7,54,m,4,1,1
26,48,m,3,1,0
21.7,28,h,2,3,1
21.7,33,h,2,2,0
13.8,26,h,2,2,0
48.6,45,m,4,2,1
35.5,42,m,3,3,0
75.2,51,h,4,5,0
6.9,22,h,1,3,0
39.1,50,m,4,2,0
7.3,22,m,1,1,0
49.4,46,h,4,2,0
24.1,41,m,2,2,1
38.8,37,m,4,2,0
18.2,32,m,2,4,1
12.9,27,m,2,2,0
12.6,57,m,2,2,1
10.7,27,h,1,1,0
57.8,44,m,4,1,1
27.7,34,h,3,1,0
76.5,61,m,4,1,0
49.5,44,m,4,4,0
35,47,h,3,1,1
72,57,h,4,1,0
21.1,53,h,2,2,1
17.2,53,h,2,2,0
5.9,72,h,1,2,1
52.9,40,m,4,1,1
8.9,41,m,1,4,1
69.7,49,h,4,3,0
33,44,m,3,3,0
48.8,36,h,4,1,1
15.7,27,m,2,2,0
79.9,47,m,4,2,0
32.7,45,h,3,2,0
11.1,30,m,1,3,0
12.3,30,h,2,2,0
97.2,67,m,4,1,1
24.4,39,m,2,4,0
21.1,45,m,2,1,0
12.9,31,m,2,1,1
14.9,29,m,2,2,1
14.1,34,m,2,2,0
13.8,22,h,2,3,1
29.1,61,m,3,4,1
12.8,19,h,2,1,1
63.1,59,h,4,1,0
32.8,38,h,3,4,0
4.4,66,h,1,3,0
74.5,59,h,4,3,0
45.4,41,m,4,3,0
34.1,45,m,3,3,0
17.3,55,m,2,4,1
42.3,56,m,4,3,0
17.3,38,h,2,1,1
12.4,25,m,1,3,1
24.5,53,h,2,2,0
86.4,41,m,4,3,1
11.2,26,h,1,2,1
36.2,39,h,3,1,1
13.1,22,h,2,4,0
75.6,59,h,4,4,1
21.4,23,h,2,3,1
29.2,55,m,3,2,1
20.8,60,m,2,2,1
17.5,49,m,2,3,1
21.2,34,h,2,3,0
9,30,m,1,4,0
16.6,35,m,2,5,0
31.5,51,m,3,2,1
11.5,31,m,1,4,0
17.7,38,h,2,1,1
32.8,40,m,3,3,0
12.2,64,h,2,5,1
21.1,31,h,2,5,0
34.2,44,m,3,3,1
16.8,29,m,2,3,1
24.3,54,h,3,1,0
78.2,58,h,4,2,1
20.8,37,m,2,3,0
6.7,21,h,1,1,0
15.2,47,m,2,3,1
11.5,23,h,1,2,1
13.4,30,m,2,3,0
22.8,37,h,2,2,1
20.6,31,h,2,2,0
27.7,45,m,3,1,0
10.4,20,h,1,2,1
11.2,37,h,1,3,1
10.6,24,h,1,1,0
14.1,42,h,2,4,1
22.2,30,m,2,4,1
76,37,m,4,4,0
21.7,39,h,2,3,0
10.6,39,m,1,1,1
8.4,57,m,1,1,0
11.7,30,m,1,4,0
74.2,60,h,4,2,1
85.7,53,h,4,2,1
52.6,48,m,4,3,0
57.6,50,m,4,1,0
18.6,32,m,2,4,1
62,42,h,4,1,0
26.8,30,m,3,2,0
6.5,24,h,1,1,0
11.8,26,h,1,2,1
52.4,39,m,4,2,0
12.6,28,h,2,2,0
33,51,m,3,2,1
22.7,45,m,2,3,0
8.6,35,h,1,3,1
11.4,59,m,1,4,0
96.4,47,h,4,4,1
32,47,m,3,2,1
64.6,38,h,4,1,1
24.4,27,h,2,1,1
11.7,31,h,1,2,1
39.4,42,m,4,4,1
36.2,37,m,3,4,0
19.8,59,m,2,2,1
92.7,48,m,4,4,1
10.5,24,m,1,3,1
27,40,m,3,3,1
13.3,31,h,2,5,0
8,31,h,1,4,1
60.9,38,m,4,4,0
20.1,44,h,2,4,0
36.1,41,h,3,2,1
23.9,35,h,2,2,1
12.9,53,h,2,1,1
21.2,35,m,2,1,1
71.4,50,h,4,2,1
24.1,50,h,2,4,1
9.7,23,m,1,1,1
75.2,48,h,4,5,1
74.6,61,m,4,3,1
13.8,32,m,2,3,0
6.4,69,h,1,1,1
49.8,37,h,4,4,1
15.7,23,h,2,3,0
17,35,h,2,3,0
55.2,48,m,4,4,0
13.6,22,m,2,3,1
14.5,26,h,2,2,1
69.7,50,h,4,3,0
18.7,44,h,2,2,1
8.5,23,m,1,2,1
28.1,39,h,3,4,1
6.3,64,h,1,1,1
44.5,49,h,4,1,1
37.3,51,h,4,4,0
31.7,30,h,3,4,1
45.1,54,h,4,2,1
45.7,55,h,4,1,0
74.1,61,m,4,2,1
83.8,51,h,4,2,1
83.5,51,m,4,1,1
42.3,66,m,4,1,0
24.8,34,m,2,1,1
22.4,40,m,2,3,0
56.5,64,m,4,3,0
8.4,23,m,1,3,1
51.2,42,m,4,3,0
6.9,19,h,1,2,1
40.6,50,m,4,5,1
15.5,40,m,2,5,0
42,40,m,4,3,1
46.8,58,h,4,2,0
46.7,45,h,4,2,1
42,37,m,4,2,1
68.4,44,h,4,3,1
61.2,52,m,4,4,0
25.2,42,m,3,3,0
12.4,25,h,2,1,0
63.6,44,m,4,5,1
72.1,52,h,4,5,1
6.6,64,m,1,4,0
27.4,36,h,3,3,0
20.7,32,m,2,3,0
27,54,m,3,3,1
9.4,44,m,1,5,1
97.1,47,h,4,3,0
44.4,46,h,4,1,1
85.5,43,m,4,2,1
33,61,m,3,1,1
8.1,19,h,1,2,1
44.5,65,m,4,2,0
4.6,68,m,1,1,1
73.4,54,m,4,1,0
82.9,50,m,4,2,1
24.5,36,m,3,4,1
8.8,29,m,1,2,1
14.9,47,h,2,1,1
14.1,32,m,2,1,0
11,37,m,1,2,1
21.5,25,h,2,2,0
12.9,41,m,2,2,0
85,39,m,4,5,0
20.8,38,m,2,1,1
29.1,59,h,3,3,0
18.2,33,m,2,2,0
14.1,41,m,2,1,1
33.7,52,h,3,1,0
18.6,37,h,2,2,0
81.5,61,h,4,1,1
14.1,34,h,2,3,1
22.8,37,m,2,5,1
39.2,28,m,4,5,1
39.5,47,m,4,3,1
16.3,30,h,2,2,0
78,51,h,4,1,0
31.2,34,h,3,3,0
31.1,32,m,3,4,1
14.8,46,m,2,2,1
75.1,46,m,4,5,1
66.4,50,m,4,1,1
71,55,m,4,3,0
18.9,30,m,2,2,1
74.4,71,h,4,4,0
32.6,53,m,3,2,1
74.2,57,m,4,4,1
17,31,m,2,4,0
67.8,54,m,4,4,0
80.2,49,m,4,3,0
47.6,43,m,4,3,0
13.6,25,h,2,4,1
14.8,32,h,2,4,0
74.7,52,h,4,2,0
4.9,59,m,1,2,0
17.3,57,m,2,2,1
6.9,56,h,1,3,0
32.7,66,h,3,4,1
35.8,39,h,3,1,1
11.8,21,m,1,3,0
14,53,h,2,2,1
30.5,40,m,3,5,1
72.6,45,h,4,1,1
39.4,34,m,4,4,0
22,42,m,2,3,1
50.3,57,m,4,3,0
15.9,48,m,2,1,1
23.7,30,m,2,3,0
36,37,h,3,4,1
12.4,20,m,2,3,1
10.3,28,h,1,1,1
62,55,h,4,1,0
33.2,73,h,3,1,0
8,30,m,1,2,1
13.9,31,m,2,2,1
11,26,m,1,1,0
25.6,51,m,3,2,1
18.9,30,m,2,3,0
22.7,34,m,2,3,1
32.2,51,h,3,3,0
27.7,46,m,3,4,1
24.3,54,h,2,1,0
25.4,49,h,3,3,0
26.3,42,h,3,4,0
9,29,m,1,4,0
16.2,46,h,2,3,0
38.5,43,h,4,1,1
16.6,51,m,2,4,0
10,20,h,1,1,0
9.3,47,h,1,1,0
23.8,41,m,2,4,1
10.4,20,m,1,3,1
13.6,31,m,2,5,0
69,48,m,4,3,0
41,41,m,4,2,1
78.6,51,m,4,4,1
10.7,32,m,1,2,1
47.3,50,h,4,2,0
15,36,m,2,1,0
17.6,35,m,2,4,1
92.2,35,h,4,4,0
79,42,m,4,4,1
16.1,30,m,2,3,1
28.8,37,m,3,2,1
8.9,21,h,1,3,1
46.7,39,h,4,3,0
9.4,27,h,1,3,0
23,44,h,2,4,0
10.8,41,m,1,1,1
7,29,m,1,4,1
32,54,m,3,5,0
25.6,54,m,3,2,0
37,43,h,3,2,0
5.3,62,h,1,1,1
5,66,m,1,1,0
18.6,30,h,2,3,0
20.4,58,h,2,2,0
74.4,62,h,4,4,0
23.6,50,h,2,2,1
14,31,h,2,1,1
20.5,36,h,2,5,0
21,59,h,2,3,0
7,67,m,1,2,1
84.4,57,h,4,1,1
59.6,40,h,4,1,1
14.4,35,h,2,1,1
17.6,27,h,2,2,1
47.9,53,m,4,4,1
32.8,37,m,3,2,1
25.8,37,m,3,4,0
81.5,45,h,4,4,1
42.7,30,h,4,4,0
56.8,38,h,4,3,0
50.8,48,m,4,2,0
76,58,h,4,4,0
8.9,21,m,1,2,1
19.3,36,h,2,2,1
17.3,38,m,2,2,1
28.4,56,m,3,3,0
37.4,31,h,4,5,0
16.8,40,h,2,1,1
9.5,34,m,1,3,1
12.8,25,h,2,4,1
19.4,28,m,2,4,0
18.9,35,m,2,2,1
72.1,40,m,4,3,0
12,23,m,1,2,1
71.8,37,h,4,4,1
11.9,49,m,1,2,1
78.4,64,m,4,2,0
7.4,65,m,1,1,1
7.4,22,m,1,3,0
19.7,39,h,2,1,1
22.2,47,h,2,3,0
13,29,h,2,4,0
39,49,m,4,3,1
13.4,48,m,2,1,1
59.6,51,h,4,3,1
13.6,21,h,2,3,0
13.1,30,h,2,2,1
10.1,28,h,1,2,0
10.7,33,m,1,4,1
18,30,h,2,2,0
34.1,33,m,3,2,1
11.3,34,m,1,4,0
72.9,49,m,4,3,0
24,30,h,2,4,0
29.2,42,m,3,4,1
6.1,62,h,1,5,1
21.8,26,h,2,4,1
6.3,20,m,1,3,0
13.1,34,m,2,3,0
23.1,47,m,2,3,0
17.8,35,m,2,2,0
8.4,20,h,1,2,0
19.6,36,h,2,2,0
32.9,40,h,3,3,1
11.9,62,h,1,1,0
23.6,39,m,2,1,0
29.1,44,m,3,2,1
23.8,45,m,3,2,1
79.8,45,h,4,2,1
51,57,h,4,2,0
34.6,27,m,3,4,0
12.6,28,m,2,3,0
20,49,h,2,2,1
26.7,39,m,3,3,0
22.9,47,h,2,1,0
26.9,48,h,3,2,1
58.2,46,m,4,1,1
10.2,36,h,1,1,0
29.9,53,h,3,1,0
15.2,38,m,2,2,0
30.1,25,m,3,3,1
39.3,39,m,4,3,0
33,38,h,3,4,0
13.8,43,h,2,4,1
10.2,54,h,1,4,1
36.5,31,h,3,4,0
23.1,40,h,2,5,0
13.9,75,h,2,1,1
9,22,h,1,4,0
41.5,36,h,4,4,0
7.4,73,h,1,2,0
50.6,72,h,4,2,1
75,67,m,4,4,1
15.5,53,h,2,1,1
80.2,60,h,4,2,0
14.9,28,m,2,3,1
30.1,33,m,3,2,1
22.7,56,h,2,1,1
12,56,h,1,2,0
18.8,29,h,2,4,0
30.3,45,m,3,4,1
10.7,45,h,1,2,0
20.1,33,m,2,5,1
18.3,39,h,2,1,0
24.3,40,h,2,2,1
46.4,42,m,4,2,0
42.6,39,h,4,1,1
46.6,51,h,4,3,1
5.5,67,m,1,3,0
45.5,54,m,4,1,1
17.1,32,m,2,4,0
43.7,36,h,4,3,1
28,36,m,3,3,1
52.6,74,h,4,3,0
38.3,42,m,4,3,0
7,28,h,1,4,0
37.9,32,m,4,3,0
11.7,36,m,1,2,1
73.2,45,h,4,2,0
52.3,37,m,4,4,0
64,56,h,4,4,1
4.5,56,m,1,2,1
18.3,47,h,2,4,1
92.1,40,h,4,2,0
22,38,m,2,1,1
7.8,26,m,1,2,1
66.5,48,h,4,2,1
82.9,50,h,4,1,1
40.4,60,h,4,5,1
14.1,52,m,2,1,0
32.9,46,m,3,2,0
18,52,h,2,1,1
22.5,29,m,2,4,1
7.6,23,h,1,2,0
26.6,64,m,3,1,1
21.7,50,h,2,1,1
31.4,53,h,3,3,0
43.9,43,h,4,2,0
6.8,21,h,1,3,0
18,27,h,2,2,0
33.7,44,m,3,3,0
91.8,40,m,4,4,1
48.3,53,h,4,4,0
35.9,42,h,3,3,0
10.2,34,h,1,4,0
44.8,46,h,4,1,1
12.7,23,h,2,3,0
79.3,60,m,4,4,1
10.4,25,h,1,4,1
8.8,24,h,1,2,0
17.4,47,h,2,3,0
12.8,42,m,2,5,1
78.3,57,m,4,2,0
43,42,h,4,4,0
14.2,34,m,2,2,1
29.1,34,h,3,3,1
18.3,36,m,2,2,1
29.3,43,m,3,1,0
37.5,37,h,4,2,0
34.5,31,m,3,3,1
7,70,h,1,3,1
10.7,26,m,1,3,0
89.6,56,m,4,2,1
5.5,63,h,1,4,1
52.1,35,h,4,4,1
29.7,52,h,3,1,0
37.5,50,m,4,4,0
71.3,57,h,4,5,0
7,20,h,1,1,1
12.5,22,m,2,3,1
8.5,19,m,1,2,0
18.9,46,h,2,3,0
11.9,26,m,1,4,0
36.5,38,m,3,1,1
23.2,34,h,2,4,1
26.7,34,h,3,2,0
67.3,41,h,4,4,1
24.3,31,h,2,4,0
74.6,51,m,4,2,0
49.1,30,h,4,3,1
16.5,52,h,2,4,1
18,47,m,2,2,0
22.1,35,h,2,4,0
24,29,h,3,3,1
19.1,36,m,2,5,1
11.8,27,h,1,4,0
24,40,m,2,1,0
14.5,32,h,2,3,0
73.3,42,m,4,4,1
69.3,42,h,4,1,1
29,37,m,3,2,0
31.4,44,m,3,3,1
48.3,43,h,4,2,1
17.8,38,m,2,2,1
16.5,25,h,2,4,1
19.1,28,h,2,4,1
34,56,h,3,4,1
17.5,36,h,2,3,0
23.4,30,h,2,2,0
7.8,24,h,1,3,1
58.1,30,m,4,4,1
72.9,50,m,4,2,0
31.1,31,h,3,3,0
33.2,40,m,3,2,0
31.4,46,m,3,2,0
25.8,54,h,3,2,1
12.6,30,h,2,4,0
69.2,48,m,4,2,1
4.2,69,h,1,1,1
80.1,50,m,4,5,1
64.7,45,m,4,4,0
15.6,48,m,2,1,0
19.5,59,m,2,1,1
50,52,m,4,1,1
23.1,52,h,2,2,0
79,49,m,4,2,0
28.7,41,h,3,4,1
10.4,40,h,1,4,0
23.6,24,m,2,2,0
61.2,49,h,4,2,1
14.8,72,h,2,2,1
48.4,48,m,4,2,0
35.9,42,h,3,3,0
39.6,53,h,4,1,0
9.5,29,m,1,2,1
59.1,47,h,4,1,1
79.4,50,h,4,4,1
23,46,h,2,4,0
42.3,58,m,4,2,1
90.1,65,h,4,1,0
10.1,28,h,1,3,0
26.5,59,h,3,1,0
30.2,49,h,3,4,0
73.8,43,m,4,4,0
16.2,38,m,2,5,0
14.7,54,h,2,2,0
23,57,m,2,1,0
46.6,51,h,4,3,0
10.2,31,m,1,1,0
64.3,36,m,4,4,0
22,47,h,2,4,0
11.1,40,m,1,5,0
78.3,73,h,4,1,1
22.9,46,m,2,4,0
63.4,44,m,4,4,0
17.5,31,m,2,4,1
82.3,64,h,4,3,1
24.6,32,h,3,4,1
42.1,35,m,4,5,0
53.2,57,m,4,1,0
21.9,43,m,2,1,0
16.9,65,h,2,3,1
10.8,29,m,1,2,0
15.7,45,m,2,2,0
12.1,37,m,1,4,0
26.6,44,m,3,3,0
25.4,53,m,2,2,1
92.5,54,h,4,2,0
24.6,43,m,3,2,1
63.5,53,h,4,3,0
23.5,61,m,2,2,0
11.9,49,h,1,3,1
9.9,39,h,1,3,0
42.1,55,m,4,3,0
17.2,51,h,2,2,0
15.4,23,m,2,3,0
22.2,60,m,2,2,1
18.4,60,h,2,1,1
22.8,43,m,2,2,1
6,62,h,1,1,0
20.2,49,h,2,4,1
60.3,68,m,4,1,0
16.6,47,m,2,2,0
18.7,48,h,2,4,1
16.3,25,h,2,3,1
8.5,25,m,1,1,1
18.9,39,m,2,1,1
54.6,41,h,4,2,0
7.4,66,h,1,1,1
50,36,h,4,4,0
9.4,33,m,1,4,1
10.5,37,m,1,4,0
42.4,40,h,4,2,0
84.9,48,m,4,2,1
49.4,47,m,4,1,0
51.1,48,m,4,1,1
11.1,40,m,1,1,1
13.4,54,h,2,1,0
48.3,41,h,4,5,0
31.2,38,h,3,3,1
20.9,57,h,2,3,0
17.3,28,h,2,2,0
18.7,19,h,2,2,1
6.3,18,m,1,1,0
24.3,36,h,3,1,1
14.9,33,m,2,1,1
75.5,48,h,4,4,0
14.1,32,m,2,4,1
38.6,38,m,4,2,1
25.7,53,h,3,1,1
9.5,32,h,1,4,0
14.4,31,h,2,2,0
40.7,47,m,4,4,1
25.7,46,h,3,1,0
14,23,h,2,2,1
64.7,53,h,4,5,1
12.6,57,h,2,4,1
33.8,25,h,3,4,0
23.6,46,m,2,2,1
13.3,30,m,2,1,1
76.8,56,h,4,4,0
22.5,73,m,2,1,0
12.4,57,h,2,2,0
18.8,40,m,2,1,0
16.1,27,h,2,4,0
24.6,37,h,2,3,1
12.8,36,h,2,1,0
5.2,21,h,1,2,0
12.1,21,m,2,3,0
85,32,h,4,4,0
12.3,28,m,2,4,1
9.5,32,h,1,2,0
28.6,30,m,3,3,1
43,42,h,4,3,0
27.5,34,h,3,2,1
66.3,45,h,4,3,1
47.1,57,h,4,2,1
22.6,26,h,2,4,1
41.4,36,m,4,3,1
11.5,20,h,1,3,0
18.3,43,h,2,2,1
80.4,64,h,4,4,1
13.4,64,m,2,2,0
84.8,65,h,4,2,1
15.7,45,m,2,3,0
17,36,m,2,2,1
34.1,41,m,3,4,0
70.1,47,m,4,1,1
75.6,55,h,4,2,1
39.1,39,h,4,4,0
14.9,29,h,2,2,0
15.2,59,h,2,1,1
22.9,56,h,2,3,0
86.9,36,m,4,5,0
35.2,26,h,3,4,0
63.1,58,m,4,1,0
39.9,33,m,4,3,1
29,40,m,3,2,1
28.5,43,h,3,1,0
52.3,50,m,4,3,0
31,37,h,3,1,1
14.7,56,m,2,1,1
14.3,25,h,2,2,0
38.7,45,m,4,2,0
13.7,35,m,2,2,0
93.4,49,m,4,2,1
68.7,55,h,4,1,1
28.8,46,h,3,2,0
21.6,45,h,2,4,0
12.1,29,h,2,2,1
15.2,65,m,2,2,1
8.5,32,m,1,4,0
56.2,61,m,4,4,1
23.6,38,h,2,4,0
20.8,47,m,2,3,0
53.1,51,h,4,5,0
24.1,50,m,2,1,1
49.5,47,h,4,2,1
23.1,31,m,2,4,0
9.6,23,h,1,2,1
9.1,19,m,1,2,1
15,28,m,2,2,1
31.8,37,m,3,1,1
12.5,34,m,2,4,1
13.7,33,m,2,1,1
81.6,50,m,4,4,0
29.8,30,m,3,5,1
7.9,32,m,1,1,0
23.9,36,m,2,1,1
57.9,57,h,4,3,1
23.2,32,h,2,4,1
6.9,59,m,1,3,0
32.2,39,m,3,3,1
9,28,h,1,2,0
13.7,43,m,2,2,0
15.1,28,h,2,2,0
31.4,49,h,3,1,0
15.6,25,m,2,2,1
39.3,53,m,4,4,0
22.9,51,m,2,5,1
17,37,m,2,3,0
55.7,46,h,4,1,1
20.3,27,m,2,4,1
14.9,56,m,2,1,1
25.2,37,h,3,1,0
16.4,52,h,2,1,0
33.2,40,m,3,2,0
12,52,h,1,1,1
14.8,38,m,2,4,1
5.5,67,m,1,3,0
12.6,33,h,2,3,1
26.5,45,h,3,4,0
24.5,44,m,3,1,0
19.6,33,m,2,3,1
15.2,21,m,2,3,1
11.3,38,m,1,4,0
11.7,31,h,1,1,0
30.8,44,h,3,2,0
33.6,49,h,3,4,0
5.4,75,m,1,2,0
28.2,30,h,3,4,1
79,42,h,4,4,1
24.7,26,m,2,4,1
11.6,48,h,1,2,0
18.5,61,m,2,3,0
22.8,34,m,2,4,1
30.3,29,m,3,5,0
13.6,33,h,2,3,1
25.5,34,m,3,4,1
65.5,57,h,4,1,1
25.8,56,h,3,1,0
26.2,35,h,3,2,0
47.6,67,h,4,3,1
13,31,h,2,2,0
46.2,41,h,4,3,0
25,33,h,3,4,0
29.5,35,h,3,3,0
29.7,59,m,3,1,0
24.8,44,m,3,1,1
17.5,37,m,2,4,1
26.7,52,h,3,4,1
11.6,26,h,1,3,0
12,36,m,1,3,0
75.4,39,h,4,5,0
73.3,49,m,4,2,1
11.6,41,h,1,4,0
20.8,38,h,2,4,1
10.7,64,h,1,3,1
81.4,44,h,4,3,0
12.5,38,m,2,5,0
22.7,34,h,2,3,0
40,37,m,4,1,1
49,49,h,4,1,0
33.3,48,h,3,2,0
26.4,35,m,3,3,0
20.5,35,m,2,1,1
29,42,h,3,4,0
22.2,43,m,2,1,0
27,33,m,3,3,0
44.8,49,h,4,4,0
33.1,39,m,3,4,1
32.2,45,m,3,3,1
18,39,h,2,2,0
31.7,54,m,3,3,1
23.3,31,h,2,4,1
14.5,22,h,2,4,1
9.3,53,m,1,1,0
51.4,74,m,4,2,1
30.6,32,m,3,4,0
9.9,46,m,1,5,1
11.6,34,m,1,2,0
8.4,25,h,1,4,1
56.9,47,h,4,2,0
43.9,60,m,4,2,0
74.3,46,h,4,2,1
11.6,32,h,1,3,1
68.2,42,h,4,5,1
8.9,34,h,1,4,0
16.5,40,h,2,2,1
15.8,39,h,2,2,0
57.5,46,h,4,5,1
67.7,62,m,4,4,0
4.5,63,m,1,3,1
21.2,29,h,2,2,0
26.7,37,h,3,1,0
24.8,41,h,3,2,0
70.7,52,m,4,2,1
61.6,55,h,4,1,1
32.9,41,m,3,2,0
11.3,54,m,1,1,0
17,27,m,2,2,1
41.9,39,h,4,2,1
12.2,23,m,1,1,0
58.8,51,h,4,1,1
24.1,53,m,2,1,0
11,37,h,1,4,1
22.1,42,h,2,1,1
68.1,62,h,4,3,0
48.7,35,h,4,3,1
18.8,63,h,2,2,1
18.5,33,h,2,4,0
6.9,67,m,1,2,1
34.3,48,m,3,1,0
28.2,58,m,3,2,1
40.5,43,h,4,1,0
20.2,35,m,2,5,0
13,35,m,2,2,1
18.3,30,m,2,4,1
8.5,41,h,1,1,0
16.5,38,h,2,3,0
65.9,45,m,4,5,1
42,36,h,4,4,0
31.2,34,m,3,2,0
61.6,34,h,4,4,1
12.7,45,m,2,2,0
11.6,29,m,1,4,1
48.9,61,m,4,2,0
37.7,41,h,4,1,1
52.9,39,m,4,4,0
15.3,25,m,2,4,0
46.3,55,m,4,2,1
48.4,52,m,4,2,1
32.6,53,m,3,4,0
21.2,33,h,2,4,1
27.8,40,m,3,1,0
12.4,44,m,2,4,0
23.3,46,h,2,1,1
14.2,40,m,2,3,0
8.8,25,h,1,4,0
15,21,m,2,3,1
32.9,44,m,3,1,1
21.4,32,m,2,4,0
52.1,46,h,4,1,1
59.9,42,m,4,5,1
11.9,37,h,1,1,1
62,45,h,4,3,0
21.6,65,h,2,1,1
35.3,50,m,3,3,0
9.5,24,h,1,2,1
11.1,42,m,1,1,1
48.9,47,m,4,3,0
11.8,65,h,1,2,0
25,42,h,2,3,1
33.4,38,m,3,3,0
21.2,37,m,2,1,0
9,23,h,1,4,0
17.7,30,h,2,2,0
78.9,58,h,4,3,0
34.9,40,h,3,5,1
19.3,40,m,2,4,0
14.8,35,h,2,2,1
42.6,52,m,4,3,0
22.8,67,h,2,2,1
33.4,28,m,3,4,1
23.5,30,m,2,2,1
10,36,h,1,3,0
9.4,36,m,1,5,0
14.5,55,m,2,1,0
5,63,m,1,2,0
76.9,52,m,4,1,0
23,38,m,2,1,0
19.2,37,h,2,2,1
19.1,54,h,2,1,0
18.9,30,h,2,3,0
77.2,56,h,4,3,0
31,53,h,3,5,0
11.8,28,m,1,3,1
13.2,61,h,2,2,0
11.5,25,h,1,1,1
9,42,h,1,1,0
17.5,50,m,2,2,1
14,27,h,2,3,0
27.7,38,m,3,2,1
22.9,53,h,2,2,0
29.6,55,h,3,2,0
33.9,53,m,3,2,0
21.2,50,m,2,3,1
55.8,47,m,4,2,1
15,42,m,2,5,0
11,22,m,1,2,1
31.5,44,h,3,4,0
13.7,35,m,2,1,1
24.7,50,h,2,2,0
22.9,36,m,2,4,0
94.9,55,h,4,2,0
98.7,60,m,4,2,0
6.9,61,h,1,2,0
4.9,72,m,1,1,1
21.3,26,h,2,4,1
52.3,35,h,4,4,1
36.8,48,m,3,3,0
17.8,30,h,2,4,1
13.9,44,m,2,3,0
79.7,55,m,4,2,1
16.4,32,h,2,2,1
55.6,43,m,4,2,1
36.3,43,m,3,2,0
50.3,35,h,4,2,0
15.4,31,m,2,1,0
11.6,37,m,1,4,1
11,35,h,1,2,0
50.8,49,h,4,1,1
5.8,58,h,1,2,0
33,51,h,3,3,1
90.4,53,h,4,2,1
10.2,40,h,1,2,1
75.9,54,h,4,3,1
10.6,26,m,1,2,0
6.8,55,m,1,1,0
31.7,37,m,3,1,1
69.9,39,h,4,4,1
5,62,m,1,2,1
66.2,43,h,4,2,0
18.6,32,h,2,4,0
37.4,38,m,3,2,1
17.9,31,h,2,2,1
35.5,43,m,3,4,0
15.7,67,h,2,1,0
14.7,24,m,2,4,1
24,45,m,2,3,0
17.8,27,h,2,4,1
22.6,47,h,2,1,0
68,51,m,4,4,0
30.8,60,m,3,1,1
12.9,23,m,2,2,1
24.4,49,h,3,2,1
18.1,50,h,2,3,1
35.1,40,h,3,2,1
15.9,54,m,2,1,1
27.1,47,h,3,2,1
85.6,44,h,4,4,1
16.1,33,m,2,3,0
10.8,49,h,1,3,0
33.1,37,m,3,2,0
72.4,47,h,4,4,1
19.9,41,h,2,2,1
33,50,h,3,1,1
33.5,41,m,3,4,0
11.4,29,m,1,2,1
10.6,29,m,1,2,1
11.2,67,h,1,4,0
14.2,25,h,2,2,1
11.5,25,h,1,3,0
37.5,45,m,3,1,0
25.8,37,h,3,2,0
14,33,m,2,1,1
28.4,50,h,3,2,0
9.9,25,m,1,4,1
24,55,h,3,4,0
39.8,42,h,4,3,1
9.8,66,m,1,3,1
19.1,42,h,2,1,0
4.9,76,h,1,1,1
16.3,31,h,2,1,0
31.3,39,m,3,4,1
93.5,57,h,4,4,0
15.2,46,m,2,3,1
12,36,h,1,2,0
52.3,36,m,4,4,0
14.8,23,m,2,1,1
49.2,39,m,4,2,1
25.9,36,m,3,3,0
42.5,45,m,4,1,0
17.5,46,h,2,1,1
33.7,48,m,3,2,1
81.5,54,h,4,4,1
42.5,44,h,4,2,0
12.3,41,m,2,3,0
29.3,35,m,3,3,0
16.6,55,m,2,1,1
15.4,34,h,2,3,0
9,24,m,1,2,1
36.5,40,m,3,2,1
35.1,40,h,3,3,0
11.8,30,m,1,2,0
73.2,61,h,4,2,0
12.6,57,h,2,4,1
9.7,25,m,1,2,1
64.9,40,m,4,4,0
25.2,42,m,3,3,1
19.7,51,m,2,2,0
9.3,24,m,1,1,0
28.5,33,h,3,1,0
32,50,m,3,3,1
23.2,42,h,2,3,0
21.8,43,m,2,2,1
79.7,53,m,4,5,0
73.8,51,m,4,4,1
12.9,37,h,2,2,1
25.1,38,m,3,4,0
45.8,40,m,4,4,0
8.9,33,m,1,3,1
99.3,55,m,4,1,0
20,30,h,2,4,1
12.5,40,h,2,3,0
10.7,41,h,1,4,1
18.6,45,m,2,2,1
19.4,45,m,2,3,0
10.8,26,m,1,1,1
36.2,51,m,3,2,0
31.2,54,h,3,5,0
14.3,48,h,2,1,0
5.1,62,m,1,1,0
27.2,42,m,3,3,0
7.5,58,m,1,1,1
14.4,41,h,2,1,0
16.1,41,h,2,2,1
41.5,47,h,4,2,1
70.3,45,h,4,5,0
39,43,h,4,1,0
19.8,43,h,2,2,0
12.1,34,m,1,1,0
11.5,47,h,1,1,1
15.7,27,m,2,3,1
20.6,49,h,2,1,0
29.4,40,m,3,4,0
20.3,67,m,2,5,1
9.7,73,m,1,1,0
18,32,h,2,2,0
66.6,54,m,4,4,0
11.3,28,h,1,2,0
24.6,36,h,2,2,1
4.9,71,h,1,1,0
9.8,22,m,1,4,1
19.3,39,m,2,3,1
23.3,39,m,3,4,0
8.5,32,h,1,5,1
24,33,h,2,5,0
9.4,26,m,1,2,1
21.3,25,m,2,4,0
21.2,24,m,2,3,1
13.5,42,m,2,4,1
17.7,33,m,2,3,1
17.3,28,m,2,3,1
54.9,47,h,4,4,0
8.5,22,m,1,2,1
27.6,41,h,3,4,1
43.7,32,m,4,5,1
34.6,51,h,3,3,0
17.1,31,h,2,1,0
26.4,50,m,3,2,0
24.2,30,h,2,2,0
17.1,39,m,2,1,1
9.4,59,m,1,1,0
23.3,47,m,2,4,1
11.2,63,h,1,4,0
13.8,46,h,2,1,1
14.7,21,h,2,3,0
86.9,40,h,4,4,0
6,20,m,1,3,1
23.8,34,m,3,1,1
17,42,h,2,1,0
26.1,54,h,3,1,0
11.5,30,h,1,2,1
62.4,41,m,4,4,1
15.2,49,m,2,3,0
11.9,26,h,1,2,0
68.9,47,m,4,4,0
33.2,43,h,3,3,1
11.6,36,m,1,4,0
11,20,m,1,2,0
26.1,47,h,3,1,0
15.3,30,h,2,3,0
19.2,30,m,2,3,1
11,33,m,1,1,0
33.6,45,h,3,5,0
11.9,33,h,1,1,0
30.4,40,m,3,5,0
13.6,37,m,2,3,1
16.3,51,m,2,2,0
85.8,54,h,4,2,1
16,26,h,2,4,1
9.6,48,h,1,2,1
77.6,57,h,4,2,1
24.1,51,h,2,1,1
22.3,54,m,2,3,0
83.1,45,m,4,3,1
64.3,51,m,4,3,0
36.2,26,m,4,2,1
9.5,39,h,1,1,1
19.1,33,h,2,4,1
78,47,m,4,4,1
76.6,48,m,4,3,1
10.3,53,h,1,2,0
69.9,32,m,4,3,1
29.4,42,h,3,2,0
19.9,39,m,2,3,1
93,46,h,4,1,0
17.8,55,h,2,4,0
29.4,42,h,3,1,0
62.5,51,m,4,4,0
